Type,ID,ParentID,Date,Content,Likes,Comments
POST,"tgY8y0UfTuU","","2025-10-08 16:15:06","vì sao thái nguyên ngập lịch sử bão matmo? baothanhnien #tintuc #thoisu #tinnong thái nguyên ghi nhận lượng mưa lớn kỷ lục, nhiều nơi 500 mm khiến lũ sông cầu .",301,0
POST,"Ykv60yyB8Ew","","2025-10-03 09:16:29","chính thức đón chào con quái vật matmo #bão #baoso11 #matmo #baomatmo #thoitiet",5121,401
COMMENT,"Ugy79l4Xwtg9VdO_kD14AaABAg","Ykv60yyB8Ew","2025-10-04 20:43:56","nam mô a di đà phật - cầu xin đức phật quán thế âm bồ tát cứu khổ cứu nạn che chở cho đồng bào ,ngư dân biển bộ đội cảnh sát biển cứu hộ cứu nạn luôn luôn đủ ,về đủ bình an vô sự .",8,0
COMMENT,"UgwZgxBTN-Hey2PwtEJ4AaABAg","Ykv60yyB8Ew","2025-10-05 20:29:00","nam mô a di đà phật cầu mong tâm bão qua cho người dân bớt khổ",0,0
COMMENT,"UgwwAPmxSonaNG-vXZB4AaABAg","Ykv60yyB8Ew","2025-10-05 21:05:19","a di đà phật.  a di đà phật.  nam mô bồ tát quán thế âm. cầu nguyện tất mọi người mọi loài luôn bình an",0,0
COMMENT,"Ugwhym2H16Y2z873vXh4AaABAg","Ykv60yyB8Ew","2025-10-04 05:40:32","bão chồng bão. không ngừng nghỉ. năm 2025 từ chính trị xã hội tới thiên nhiên đều bất ổn nhau. nước thi nhau chiến tranh. bão mạnh bão trước. cầu bình an cho thế giới",10,0
COMMENT,"UgyUyHCLo-PQhsl1hB94AaABAg","Ykv60yyB8Ew","2025-10-03 23:23:12","nam mô quan thế âm bồ tát cứu khổ cứu nạn cho việt nam chúng con tránh được cơn bão này. mong mẹ thiên nhiên đừng nổi giận chúng con",12,0
COMMENT,"UgwvQiMlEJ9QZZXgTRF4AaABAg","Ykv60yyB8Ew","2025-10-04 22:41:26","nam mô đại từ đại bi cứu khổ cứu nạn linh cảm quán thế âm bồ tát nam mô a di đà phật nguyện cầu cho cơn bão mau tan, nguyện cho nhân loại đều được bình an",1,0
COMMENT,"UgzldVOsBG3wxOE10FN4AaABAg","Ykv60yyB8Ew","2025-10-04 20:07:46","thiên nhiên giận dữ không tự nhiên do con người tàn phá thiên nhiên ngày một nhiều do nhân quả quy luật con người nhận lấy.nam mô a di đà phật",1,0
COMMENT,"UgxfS_UCymkdBLKiGdF4AaABAg","Ykv60yyB8Ew","2025-10-03 18:30:56","cho tôi hỏi ngu cái, sao tôi thấy năm ít bão sao năm nay nhiều bão vậy",64,0
COMMENT,"Ugy3JyCzW0SjsFv5hRV4AaABAg","Ykv60yyB8Ew","2025-10-05 18:22:12","nam mô đại từ đại bi cứu khổ cứu nạn quan thể âm bồ tát cầu cho tất mọi người đều được bình an",0,0
COMMENT,"Ugzmd7vRE8p_pUxHx1l4AaABAg","Ykv60yyB8Ew","2025-10-05 06:30:39","nam mo quan thế âm bồ tát đại từ đại bi cứu độ chúng sanh thoát khỏi tai ương lu lụt đem bình an cho chúng sanh",0,0
COMMENT,"Ugx1a_L0BTNY998kO3x4AaABAg","Ykv60yyB8Ew","2025-10-05 18:01:22","nam mô a di đà phật. nam mô đại nguyện địa tạng vương bồ tát. nam mô mẹ quán thế âm bồ tát phù hộ che chở cho người người nhà nhà đều bình an",0,0
COMMENT,"Ugz74gtUVSSiJ2-JZiN4AaABAg","Ykv60yyB8Ew","2025-10-04 12:23:22","kì cuối tới rồi.y kinh thánh. tiên tri.!",0,0
COMMENT,"UgzdgrXKxeRBM0NkjxR4AaABAg","Ykv60yyB8Ew","2025-10-04 19:01:51","cầu tất mọi người toàn thế giới ăn thuần chay sống xanh cứu lấy chính gia đình địa cầu.",2,0
COMMENT,"UgwR7V6SyxfHw7EZnal4AaABAg","Ykv60yyB8Ew","2025-10-06 20:46:20","nam mô a di đà phật con biết cầu nguyện cho chúng sanh được bình an",0,0
COMMENT,"UgxrZtZVmPsF8dH6Hll4AaABAg","Ykv60yyB8Ew","2025-10-04 17:18:28","nam mô a di đà phật nam mô đại bi quán thế âm bồ tat xin người cứu khổ cứu nạn cho chúng sanh mong bão tan mau đừng vào việt nam người dân dỡ khổ đau",2,0
COMMENT,"UgxjkMdqdlPrYXr_otR4AaABAg","Ykv60yyB8Ew","2025-10-03 21:36:08","không lẽ thủy tinh bút toàn bộ sức mạnh hủy diệt sơn tinh sao",12,0
COMMENT,"UgyZmx1cFHf04zdBQmN4AaABAg","Ykv60yyB8Ew","2025-10-04 12:20:20","nam mô a di đà phật cầu cho mưa thuận gió hòa mọi người đều sống cảnh ấm no hạnh phúc",1,0
COMMENT,"UgyNPVHCO8bXNJM0C1R4AaABAg","Ykv60yyB8Ew","2025-10-05 07:49:08","mong mọi người hãy niệm phật xin mẹ quán thế âm phù hồ cho đồng bào việt nam vượt qua đại nạn siêu bảo.",0,0
COMMENT,"Ugyr_1AHldIEJiMbIHB4AaABAg","Ykv60yyB8Ew","2025-10-04 14:55:56","nam mô a di đà phật nam mô đại từ đại bi cứu khổ cứu nạn quán thế âm bồ tát gia hộ cho toàn thể đại chúng được an lành mạnh khỏe tai qua nạn khỏi",2,0
COMMENT,"Ugw4cMHL8TjEG7PnPDd4AaABAg","Ykv60yyB8Ew","2025-10-03 18:50:32","thủy tinh quyết dành mị nương",56,0
COMMENT,"UgyXDIM3RptQ7EdGZi54AaABAg","Ykv60yyB8Ew","2025-10-04 14:28:30","a di đà phật cầu mong cho mọi người bình an a di đà phật",4,0
COMMENT,"UgzE0GCyxLSxEfMBwHR4AaABAg","Ykv60yyB8Ew","2025-10-04 09:25:15","nam mô a di đả phật nam mô đại từ đại bi cứu khổ cứu khổ cứu nạn linh cảm quan thế sợ loài người chúng con không thể ngăn cản được bão lũ thiên tai chi biết cậu nguyện cho mọi người ở nơi có bão ở việt nam sớm thoát khỏi bão tố đau thương mất mát lớn nay",3,0
COMMENT,"UgwxPPRCmd3MpW02HL54AaABAg","Ykv60yyB8Ew","2025-10-04 20:12:18","năm rẵn thật đáng sợ mọi người ơi .thương con miền trung nhiều lắm",0,0
COMMENT,"Ugwpdt-EX5PWFCaDWuh4AaABAg","Ykv60yyB8Ew","2025-10-04 08:39:09","nam mô a di da phật cứu khổ cứu nạn mong bảo chuyển thành áp thấp nhiệt đới cho dân bớt khồ",2,0
COMMENT,"UgyetGr02ifqSOh1tYx4AaABAg","Ykv60yyB8Ew","2025-10-04 21:24:32","nam mô đại từ đại bi linh cảm ứng quan thế âm bồ tát tầm thinh cứu khổ cứu nạn chúng sinh",3,0
COMMENT,"UgznNnzTVeH3PstJi_t4AaABAg","Ykv60yyB8Ew","2025-10-04 19:32:08","con nam mô đại từ đại bi cứu khổ cứu nạn quan thế âm bồ tát cứu khổ cứu nạn cho toàn thể dân việt nam con thoát khỏi cơn hoạn nạn này. nam mô a di đà phật",3,0
COMMENT,"UgwWu-ebx-y9fcPM_dJ4AaABAg","Ykv60yyB8Ew","2025-10-04 20:30:25","miền bắc miền trung xin tín tâm niệm phật, xây tượng mẹ quan âm ở biển, thành tâm tín phật a di đà phật",1,0
COMMENT,"Ugzs7KHiRNA-qfxfdK54AaABAg","Ykv60yyB8Ew","2025-10-04 08:08:04","nam mô đại từ đại bi cứu nạn cứu khổ quán thế âm bồ tát nam mô đại thế chí bồ tát . nam mô địa tạng vương bồ táy . con cầu ơn vũ trụ có phép màu ngăn cơn bão matmo quay ra biển đông giữ cuộc sống bình an cho toàn dân đất việt .",2,0
COMMENT,"UgyxqGa4mgPU5qHojX14AaABAg","Ykv60yyB8Ew","2025-10-04 22:35:13","a di đà phật mong phật cứu độ đồng bào mọi người bình an",3,0
COMMENT,"Ugzti412ApzfbvBdbM14AaABAg","Ykv60yyB8Ew","2025-10-04 20:33:41","nam mô a di đà phật cầu mong bão qua",0,0
COMMENT,"Ugw0eI3P0kfZqHpAIUx4AaABAg","Ykv60yyB8Ew","2025-10-04 06:36:42","nam mô a di đà phật.con cầu xin mẹ quan âm bồ tát cứu giúp cho dân chúng thế giới đều được yên bình.nam mô a di đà phật",2,0
COMMENT,"UgxQVLMzZaUemvWPN7V4AaABAg","Ykv60yyB8Ew","2025-10-04 18:36:00","so cầu cho tất mọi người được bình manh khỏe",1,0
COMMENT,"UgxdIuJEQxMp7R5JJcF4AaABAg","Ykv60yyB8Ew","2025-10-04 08:46:52","oi lai vao roi thuong ba con mien trung minh qua mong nhanh chong qua di tra lai binh yen cho dan minh viet nam co len ba con minh co len",1,0
COMMENT,"UgyImOQcCS0wCvwu6U94AaABAg","Ykv60yyB8Ew","2025-10-04 08:33:24","con người sống sao chịu vậy !",0,0
COMMENT,"UgwbBWquczazAY-bi5l4AaABAg","Ykv60yyB8Ew","2025-10-04 01:39:10","nam mô cứu khô cứu nạn quan thế âm bồ tát",5,0
COMMENT,"UgzaqS-FP9dBeOUHRtJ4AaABAg","Ykv60yyB8Ew","2025-10-04 20:17:56","nam mô mẹ hiền quán thế âm bồ tát cứu khổ cứu nạn chúng sinh",0,0
COMMENT,"UgzgtJKOkHVCaMufzDF4AaABAg","Ykv60yyB8Ew","2025-10-04 09:22:35","hỡi sơn tinh xin hãy giúp chúng con chống thủy tinh",5,0
COMMENT,"Ugykngr2K-a0m8SMoWh4AaABAg","Ykv60yyB8Ew","2025-10-05 10:25:46","nam mô cứu khổ cứu nạn linh cảm quán thế âm bồ tát nam mô a di đà phật",0,0
COMMENT,"UgyW1gto4P40C04jOoB4AaABAg","Ykv60yyB8Ew","2025-10-04 19:39:21","nam mô tiêu tai giáng kiết tưởng bồ tát ma ha tát",0,0
COMMENT,"UgwUqkwRelsAHmSarOl4AaABAg","Ykv60yyB8Ew","2025-10-04 13:20:12","cầu nguyện quan thế âm bồ tát cứu nạn cứu khổ",0,0
COMMENT,"UgxoC_O-DXyBQNzZSit4AaABAg","Ykv60yyB8Ew","2025-10-05 11:48:32","trời ơi nhiều bão vậy. năm nay thật mùa bão",0,0
COMMENT,"UgwnLj3_9pq92EoS-AJ4AaABAg","Ykv60yyB8Ew","2025-10-04 19:19:23","nam mô đại từ đại bi cứu khổ cứu nạn quan thế âm bồ tát",0,0
COMMENT,"UgzfqkvVJ-9gBk1_JWR4AaABAg","Ykv60yyB8Ew","2025-10-04 09:29:08","nam mô a di đà phật mong trời phật phụ hộ cho đất nước việt nam cơn bão nhẹ nhàng qua nam mô a di đà phật",0,0
COMMENT,"UgyT_t3XJDiAdg28Iy54AaABAg","Ykv60yyB8Ew","2025-10-04 06:28:41","mỗi năm số lượng bão tăng lên, kinh thật",0,0
COMMENT,"Ugx4gSpGA0uUf6CIZCl4AaABAg","Ykv60yyB8Ew","2025-10-04 14:41:29","bolt baron xanh kiểu:",0,0
COMMENT,"UgzloEJN7Q7MAfF96714AaABAg","Ykv60yyB8Ew","2025-10-04 15:47:11","mặt mò miền trung việt nam dùng nhiều bây giờ thành bão chắc gởi qua trung quốc dùng thử vì tq giàu giỏi.",0,0
COMMENT,"UgxYXXSBUJR47wpRfmN4AaABAg","Ykv60yyB8Ew","2025-10-04 18:08:08","mô phật bảo chưa bây giờ vào còn mạnh việt nam năm nhỏ bé còn bảo lớn nhất, cứ việt nam tôi đây chơi có mẹ thiên giận vậy cho cho biết người dân chúng con biết khắc phục bớt giận mẹ ơi ,a di đa phật",0,0
COMMENT,"UgweOP-sLkeajnGSSfB4AaABAg","Ykv60yyB8Ew","2025-10-04 23:43:13","nam mô cưu khổ cứu nạn quán thế âm bồ tát",0,0
COMMENT,"UgzmFS01z919yK10s6h4AaABAg","Ykv60yyB8Ew","2025-10-04 06:41:58","vì tiền tàn phá thiên nhiên nó đáp trả vậy thôi.",0,0
COMMENT,"UgwYHv50KnukWkGtnbV4AaABAg","Ykv60yyB8Ew","2025-10-03 23:14:54","1 tuần 3 bão có vẻ thủy tinh đang tất tay",0,0
COMMENT,"UgxjfF7siPOjgMdsK2x4AaABAg","Ykv60yyB8Ew","2025-10-03 22:01:39","nhiêu năm thủy tinh dùng tất sức mạnh",3,0
COMMENT,"UgzX_dQ-sl6F_gS3ZaR4AaABAg","Ykv60yyB8Ew","2025-10-04 13:34:25","nam mô quán thế âm cứu khổ cứu nan cho tất thế giới tai qua nan khỏi quán thế âm bồ tát",0,0
COMMENT,"UgzZvTYxA_nH-zEtkaF4AaABAg","Ykv60yyB8Ew","2025-10-04 19:23:59","nam mô quán thế âm bồ tát nam mô a di đà phật",0,0
COMMENT,"UgwRlOaQ-dV4xi90PT94AaABAg","Ykv60yyB8Ew","2025-10-04 11:26:03","nam mô đại từ đại bi cứu khổ cứu nạn linh cảm ứng quán thế âm bồ tát",0,0
COMMENT,"Ugyj--nb9gobD7Rmy_d4AaABAg","Ykv60yyB8Ew","2025-10-04 19:48:21","nam mô a di đà phật nam mô a di đà phật nam mô a di đà phật",0,0
COMMENT,"Ugyo_1Fex0OrnEAW2JB4AaABAg","Ykv60yyB8Ew","2025-10-04 12:50:24","cầu mông mọi sự bình an",0,0
COMMENT,"UgxkTP0Zt-YR21gqaTB4AaABAg","Ykv60yyB8Ew","2025-10-03 22:06:28","cuộc đánh ghen lâu nhất ls nhận loại:))",0,0
COMMENT,"UgzHBHy5jmcboqqIE8h4AaABAg","Ykv60yyB8Ew","2025-10-03 14:20:30","con cầu xin vũ trụ thiên nhiên cứu hộ cứu nạn quãng đại linh cảm ứng quan thể âm bồ tát, mang điều tốt lành cho toàn dân tộc việt nam toàn thế giới sức khoẻ bình an hạnh phúc cuộc sống con xin biết ơn",8,0
COMMENT,"Ugxb-fFUua6sHYV3WRV4AaABAg","Ykv60yyB8Ew","2025-10-05 00:57:34","tiếp tục miền bắc tui ở miền bắc mong ổn",0,0
COMMENT,"Ugw11T1-BTWHkHtqL9Z4AaABAg","Ykv60yyB8Ew","2025-10-04 21:52:38","nhìn hình dáng giống cổ tử cung kkk",0,0
COMMENT,"UgzxjEsPJlmbofib7cp4AaABAg","Ykv60yyB8Ew","2025-10-04 13:47:40","đau thương mất mát thiên nhiên giáng xuống nhân loại thời gian , nguyên nhân do con người tận diệt thiên nhiên không thương tiếc.",0,0
COMMENT,"Ugw83peP83ClSaOnek94AaABAg","Ykv60yyB8Ew","2025-10-04 12:37:08","đúng mặt mo thật",0,0
COMMENT,"UgxlZhA9Tsk5ycMdeGJ4AaABAg","Ykv60yyB8Ew","2025-10-04 22:13:35","nam mo a di da phat kinh lay phat tu bi cuu thẹ",0,0
COMMENT,"UgzglWV0IQQ4YO_uarR4AaABAg","Ykv60yyB8Ew","2025-10-04 05:04:31","do biến đổi khí hậu nhiều, chiến tranh, rác thải, hạt nhân, khí thải,. chuyện hiển nhiên, cầu mong vào đất liền thành áp thấp nhiệt đới",0,0
COMMENT,"Ugz0AR-Yn7lkVtimirF4AaABAg","Ykv60yyB8Ew","2025-10-03 22:24:37","năm mô a di đà phật năm mô a di đà phật có xin nó tan",3,0
COMMENT,"Ugx_ttBZp1zzAj8OF6F4AaABAg","Ykv60yyB8Ew","2025-10-04 19:40:24","cứ cợt nhả bão việt nam cần được tôn trọng",0,0
COMMENT,"Ugw1POOrUp1FI9xQc3h4AaABAg","Ykv60yyB8Ew","2025-10-04 14:03:32","sang năm, trồng phủ xanh tre, cây phát triển nhanh dày đặc hạn chế dòng chảy, trồng cây lâu năm xen kẽ vào. sao thấy đau lòng",0,0
COMMENT,"UgzPJ47F3TOn30z8_Kd4AaABAg","Ykv60yyB8Ew","2025-10-06 08:11:44","nam mo a di da phat nam mo a di da phat nam mo a di da phat",0,0
COMMENT,"UgxLti71MwtolQLcP414AaABAg","Ykv60yyB8Ew","2025-10-04 08:09:52","nhưng vào hà nội giảm xuống con cấp 6 thôi,thời sự bảo thế!",0,0
COMMENT,"Ugx2K1d7mh-LNrYMvB54AaABAg","Ykv60yyB8Ew","2025-10-04 07:27:57","cám ơn mặt mo",0,0
COMMENT,"UgzC_Zi9a97keHD9dC54AaABAg","Ykv60yyB8Ew","2025-10-04 06:32:19","chong . ong troi oi xin thuong nguoi dan viet nam",1,0
COMMENT,"UgySJjejsQSqWc-0gpl4AaABAg","Ykv60yyB8Ew","2025-10-03 22:33:50","bão nhiều một bão du chết năm nay có mấy bão liền",0,0
COMMENT,"UgwbliQkqxX8uuyOGRR4AaABAg","Ykv60yyB8Ew","2025-10-03 21:46:43","đúng biến đổi khí hậu trái đất không thể lường được",0,0
COMMENT,"UgxItumrny5GiZ2NzVR4AaABAg","Ykv60yyB8Ew","2025-10-03 23:26:04","tui nghe 1 thầy bối nói 2025 không yên đâu!",0,0
COMMENT,"Ugz7-LLF5jF1-Reud2p4AaABAg","Ykv60yyB8Ew","2025-10-05 03:28:29","a di đà phật",0,0
COMMENT,"UgxZ45Oao-nJHGNPEfF4AaABAg","Ykv60yyB8Ew","2025-10-04 13:13:43","nam mô đại từ đại bi cứu khổ cứu nạn quảng đại linh cảm ứng quán thế âm bồ tát, nam mô di lạc vương phú quý phật, nam mô a di đà phật",0,0
COMMENT,"UgzHxjXV9uoE-_-yoZ14AaABAg","Ykv60yyB8Ew","2025-10-05 21:22:37","nam mô a di đà phật.",0,0
COMMENT,"UgyqYUz4_rVEhxupg4h4AaABAg","Ykv60yyB8Ew","2025-10-04 09:39:12","thuỷ tinh tới thủ ơi",0,0
COMMENT,"UgxmYVjaps1T5exWGml4AaABAg","Ykv60yyB8Ew","2025-10-03 21:10:21","thời đại hải tặc sắp :)",4,0
COMMENT,"UgyxK3GOyjjd5mL6CL94AaABAg","Ykv60yyB8Ew","2025-10-04 12:07:16","nam mô a di đa phât",0,0
COMMENT,"UgxEFAxuUgXeTtpHIG54AaABAg","Ykv60yyB8Ew","2025-10-04 06:27:04","vì có kẻ tham ô làm hàng giả hại người vân vân lên mẹ thiên lôi nổi dận sao con nam mô a di đà phật",0,0
COMMENT,"UgxfmW6e1ywdxrI_Ost4AaABAg","Ykv60yyB8Ew","2025-10-03 20:16:46","nam mô quán thế âm bồ tát cứu khổ cứu nạn",6,0
COMMENT,"UgyujuKgN4I1EKb63Sx4AaABAg","Ykv60yyB8Ew","2025-10-08 18:10:37","du túp nếu trả giá tình mạng ngày mai lời nói ra gia đình ra hết mặt mo loang tỏa đón nhận",0,0
COMMENT,"UgyIf2fZC7_hUKCUCJV4AaABAg","Ykv60yyB8Ew","2025-10-04 04:44:05","đua đồ đạc lên cao! gia xúc bán chuyển! tranh xa ở nhà buoc nha cửa",0,0
COMMENT,"Ugxo5gtPbMojZDTFSxl4AaABAg","Ykv60yyB8Ew","2025-10-04 17:39:23","dat ten no xau the no chang ac sao duoc",0,0
COMMENT,"UgyDg2fNMxBbc9n9J3Z4AaABAg","Ykv60yyB8Ew","2025-10-04 00:58:06","trông hướng đi.lại xang tầu du lịch thôi.",0,0
COMMENT,"UgyKaiLxXoVym_wL0Rx4AaABAg","Ykv60yyB8Ew","2025-10-04 12:26:58","thả tôi thấy mấy bữa nay mưa to",0,0
COMMENT,"Ugz74CBbvdBDgYK0rZV4AaABAg","Ykv60yyB8Ew","2025-10-04 09:57:38","sơn tinh thủy tinh,",1,0
COMMENT,"UgyqHoC4LAIooZDfyhN4AaABAg","Ykv60yyB8Ew","2025-10-04 18:12:38","giá bây giờ mới thấy cảnh bảo liên tiếp còn lớn sống sót nôi chơi, sợ vậy chơi biết chạy đây nước dân lên chạy kiep tôi sợ khóc năm nay việt nam tôi nhưng cây bảo năng nhất sửa giờ đây lạ lần",0,0
COMMENT,"Ugyj-uppRIGFVOUWqbB4AaABAg","Ykv60yyB8Ew","2025-10-03 20:47:41","gòi gòi gòi mong miền bắc vậy trung không nặng chưa kịp khắc phục bualoi không bt mấy bão hào đây",1,0
COMMENT,"UgwSyraw1_rX1zWjuU94AaABAg","Ykv60yyB8Ew","2025-10-04 04:23:19","a di đà phật",0,0
COMMENT,"UgyhEispsYXqDuOwwnB4AaABAg","Ykv60yyB8Ew","2025-10-04 07:41:12","matmo nhìn tưởng mateo",0,0
COMMENT,"UgxSfPHalv3SoKtlMJd4AaABAg","Ykv60yyB8Ew","2025-10-03 22:19:51","cầu xin mẹ thiên nhiên cứ vị toàn năng, xin cho bão tan nhanh không thiệt hại đu người vật",0,0
COMMENT,"UgygPw0am2EpDXLase54AaABAg","Ykv60yyB8Ew","2025-10-03 21:34:13","dạo chỗ tôi ảnh hưởng nhiều ngập hết đằng",0,0
COMMENT,"UgzHUnIIGYmYuYCM8VN4AaABAg","Ykv60yyB8Ew","2025-10-04 21:30:02","sơn tinh",0,0
COMMENT,"UgxZ4EuhwKTF8r6KC_V4AaABAg","Ykv60yyB8Ew","2025-10-03 22:10:56","nam mô a di đà phật con xin cầu nguyện cho tất được bình an",0,0
COMMENT,"UgyVUgu3BCiSMQ-0p_94AaABAg","Ykv60yyB8Ew","2025-10-04 15:05:22","hết búa lôi giờ mặt mo",0,0
COMMENT,"UgwLoaeAFhVZ5-JVQD54AaABAg","Ykv60yyB8Ew","2025-10-03 19:43:43","trung thu tốt tặng ngay 11 cơn bão:))",0,0
COMMENT,"Ugyau0kf_7arjzh9KEl4AaABAg","Ykv60yyB8Ew","2025-10-03 20:10:45","đúng năm vx cháy với ẩm (((",0,0
COMMENT,"Ugyco7umMDgqORXKw1h4AaABAg","Ykv60yyB8Ew","2025-10-04 07:14:28","năm mô a di đà phat",0,0
POST,"SFVFp67moFQ","","2025-10-08 05:00:06","toàn cảnh miền bắc “oằn mình” bão matmo: hà nội ngập, lạng sơn vỡ đập, thái nguyên lũ lịch sử baothanhnien #tintuc #thoisu #tinnong 0:00 hà nội ngập sâu bão: bộ đội dùng thuyền tự chế đưa dân qua vùng ngập 1:44 .",59,0
POST,"2c7W2dlaADU","","2025-10-03 20:04:52","bão matmo vào biển đông thành cơn bão số 11 vtvwdb bão matmo vào biển đông thành cơn bão số 11 vtvwdb dự báo thời tiết vtv kênh youtube chính thức phòng .",92,2
COMMENT,"UgxOSw_BYpFi_31Z83F4AaABAg","2c7W2dlaADU","2025-10-04 14:30:06","sợ",1,0
COMMENT,"UgyhBhdpOQxxr-pJYaB4AaABAg","2c7W2dlaADU","2025-10-04 17:41:07","uk",1,0
POST,"JuC5Rnzd8sc","","2025-10-07 22:45:06","tổng hợp thiệt hại bão số 11 matmo 7/10: 3 người chết, 4.500 nhà dân ngập sâu tin24h tin tức 24h #tintuc tổng hợp thiệt hại bão số 11 matmo 7/10: 3 người chết, 4.500 nhà dân ngập sâu mưa lớn hai ngày .",6,0
POST,"lmoil2lM36s","","2025-09-25 09:03:30","hết bão bualoi bão matmo",20,3
POST,"WvLWS1eCx6M","","2025-10-05 15:50:01","clip bão matmo càn quét miền nam trung quốc #shortsvideo #tintuc #tin tin tức 24h #tintuc tin24h kênh youtube chia sẻ nội dung tin tức, thời sự ,thời sự 19h,tin tức mới,tin mới,thời sự quốc tế .",262,4
COMMENT,"UgyDKUuNDd6-VSjk60Z4AaABAg","WvLWS1eCx6M","2025-10-05 20:07:37","tội nghiệp nặng nặng cho quả báo nó nặng tu tập nhiều lắm mới hoá giải được n",2,0
COMMENT,"Ugyn_ytjmn5baCBDirl4AaABAg","WvLWS1eCx6M","2025-10-05 18:41:43","khủng khiếp …ai chưa trải qua chưa thấy sự tàn ác thiên nhiên",1,0
COMMENT,"UgyEZR1t3KdzwLVcbbd4AaABAg","WvLWS1eCx6M","2025-10-06 09:59:32","nam mô a di đà phật",0,0
COMMENT,"Ugx-c3P0lZGLjpEqaFZ4AaABAg","WvLWS1eCx6M","2025-10-05 18:18:26","mô phật",2,0
POST,"Knmx-kGL8Dk","","2025-10-04 06:00:19","tin mới nhất bão matmo: nhận định kịch bản xấu nhất, dự báo tỉnh chịu ảnh hưởng trực tiếp báo lao động kịch bản cực đoan áp cao cận nhiệt đới suy yếu không đáng kể khiến bão matmo đổ bộ quảng ninh cường .",10,0
POST,"g1M_jvi2zV0","","2025-10-03 18:30:06","dự báo thời tiết ngày mai 04/10/2025 bão matmo vào biển đông thành bão số 11 vtvwdb dự báo thời tiết ngày mai 04/10/2025 bão matmo vào biển đông thành bão số 11 vtvwdb dự báo thời tiết vtv .",218,7
COMMENT,"Ugw4eBcVW_GfofAtIwV4AaABAg","g1M_jvi2zV0","2025-10-03 18:41:28","thương dân nghèo đấy có tôi",6,0
COMMENT,"UgyYKywad9GDMCc1FpJ4AaABAg","g1M_jvi2zV0","2025-10-03 18:33:17","châu an cơm chua khỏe không",3,0
COMMENT,"UgzS20ByVxRM9OtSvrJ4AaABAg","g1M_jvi2zV0","2025-10-03 21:10:25","minh chau xinh qua",0,0
COMMENT,"UgxYgYdgXTGDvMNdKqp4AaABAg","g1M_jvi2zV0","2025-10-03 19:24:16","minh châu xinh wa",1,0
COMMENT,"UgyG-_KttJ40F_r540R4AaABAg","g1M_jvi2zV0","2025-10-03 19:21:29","minh châu xinh đẹp lắm",1,0
COMMENT,"UgwTrwGUg5EQ3MmoMFh4AaABAg","g1M_jvi2zV0","2025-10-03 18:44:14","nhiều người còn nghèo khổ lắm.",3,0
COMMENT,"UgxWThtD5ZOF3Vb3ldN4AaABAg","g1M_jvi2zV0","2025-10-04 04:08:38","đang cầu mong bão thật nhiều, càng nhiều càng tốt .",0,0
POST,"Nhyi4mJdNDw","","2025-10-04 05:10:01","khẩn: bão số 11 matmo vào biển đông, dự báo 2 kịch bản đổ bộ, miền bắc tiếp tục hứng mưa lớn theo trung tâm dự báo khí tượng thủy văn quốc gia, 13h chiều nay (3/10), vị trí tâm bão matmo đất liền phía bắc đảo .",77,0
POST,"Kpd24xXEwR0","","2025-10-03 15:00:32","đêm nay (3/10), bão matmo vào biển đông, nhanh cường độ mạnh nhất giật cấp 15 vtv24 theo cơ quan khí tượng, bão matmo có thể đạt cường độ mạnh nhất cấp 12, giật cấp 15 ở vùng biển phía tây bắc khu vực .",85,0
POST,"FIJl4KkoUnY","","2025-10-08 16:06:00","cập nhật thiệt hại do mưa lũ, sạt lở bão matmo: 13 người chết mất tích, 15.762 nhà ngập báo lao động sáng 8-10, theo báo cáo cục quản lý đê điều phòng, chống thiên tai (bộ nông nghiệp môi trường), .",2,0
POST,"C9C4Hdiw0n4","","2025-10-16 09:30:06","hậu quả thảm khốc bão matmo: 18 người chết, thiệt hại 16.900 tỉ đồng baothanhnien #tintuc #thoisu #tinnong chưa đầy 3 tuần (từ ngày 22.9 ngày 6.10.2025), việt nam hứng chịu 3 cơn .",29,0
POST,"AHX0QJLbMHQ","","2025-10-01 10:40:09","bão số 11 matmo tăng cấp nhanh, nguy cơ ảnh hưởng trực tiếp bắc bộ #shortvideo #baoso10 tiền thân bão số 11 tăng cấp nhanh, bắc bộ đối diện nguy cơ ảnh hưởng trực tiếp sáng 1.10, cục quản lý thiên văn, địa vật lý .",0,62
COMMENT,"UgxskHaNIw9fJ2Ibe214AaABAg","AHX0QJLbMHQ","2025-10-01 15:22:08","cầu trời phật phù hộ cho tất người dân nơi vùng bão lũ qua được bình yên,tai qua nạn khỏi, cơn bão sớm trở thành áp thấp.",11,0
COMMENT,"Ugy9V1ASn3gvpCrXqAB4AaABAg","AHX0QJLbMHQ","2025-10-01 11:40:21","nam mô cứu khổ cứu nạn quan thế âm bồ tát ma hát nguyện cầu tất mọi người được bình an ,vược qua thiên tai hoạn nạn .",4,0
COMMENT,"Ugxd-C-ADCqKmYtNDqd4AaABAg","AHX0QJLbMHQ","2025-10-01 23:15:10","thương miễn trung nhiều lắm bão chưa qua báo khác tới",8,0
COMMENT,"UgzyYYYKQx3C23ayX5Z4AaABAg","AHX0QJLbMHQ","2025-10-02 17:01:46","nam mô a di đà phật ! cầu trời phật cho con bão quay ra đại dương muôn dân chúng con được bình an !",1,0
COMMENT,"Ugwxp9HyOxIGAyqrJrR4AaABAg","AHX0QJLbMHQ","2025-10-01 12:03:47","nam mô a di đà phật,con mong sớm tan ,con xin phật quan thế âm bồ tát che chở cho chúng sinh chúng con tai qua nạn khỏi",2,0
COMMENT,"Ugxx4szoE7pwo78QvxF4AaABAg","AHX0QJLbMHQ","2025-10-03 13:12:12","nam mô a di đà phật cầu cho mọi người đều khỏe mạnh hạnh phúc vui vẻ bình an nam mô a di đà phật",0,0
COMMENT,"UgwPaWeCYvCQ77Ou2fJ4AaABAg","AHX0QJLbMHQ","2025-10-01 11:35:53","thương con miền trung miền bắc nước ta",0,0
COMMENT,"UgwOjHYUwxEsSkkIH2t4AaABAg","AHX0QJLbMHQ","2025-10-01 14:08:30","nam mô quan thế âm bồ tát, cứu khổ cứu nạn chúng con lầm dg lể bước.g mới biết mong ba cứu chúng con dân bớt lầm than",0,0
COMMENT,"UgzfpdHuFH61nxJkkXR4AaABAg","AHX0QJLbMHQ","2025-10-02 10:33:04","nam mô a di đà phật cầu cho gd chúng con bình an hạnh phúc bảo mau qua",0,0
COMMENT,"UgwHzqtkIDEShO5ahHl4AaABAg","AHX0QJLbMHQ","2025-10-01 12:57:35","hồi tới giờ mới nghe có một cơn bão cái tên mặt mo không cảm thấy nó lãnh cảm tàn nhẫn đây",2,0
COMMENT,"Ugw1s-2zcTJD130I7i94AaABAg","AHX0QJLbMHQ","2025-10-01 13:04:15","đời vô thường, biến động,mn hãy yêu thương nhau",0,0
COMMENT,"UgzPHvfUs8JuGqNTwVt4AaABAg","AHX0QJLbMHQ","2025-10-01 11:02:43","năm nay bão diễu hành luôn má ơi",1,0
COMMENT,"Ugzw3JPQpNMnsmJhOYR4AaABAg","AHX0QJLbMHQ","2025-10-01 13:05:19","a di đà phật nam mô cứu khổ cứu nạn quán thế âm bồ tát",0,0
COMMENT,"UgxfSIBRTyef3RVFAPh4AaABAg","AHX0QJLbMHQ","2025-10-03 12:28:28","lạy chúa , cầu không qua long thành,đồng nai",0,0
COMMENT,"UgwesEqeLREEMlrOor94AaABAg","AHX0QJLbMHQ","2025-10-01 11:17:54","nam mô a di đà phật vv nghe tin tức hình thành bão số mười một vv người dân tránh bão an toàn sớm nhất an toàn",0,0
COMMENT,"UgxIrMQ-xoXax1k7NG14AaABAg","AHX0QJLbMHQ","2025-10-01 12:21:46","a di đà phật",0,0
COMMENT,"UgzwIo86SwZWR4ZtSdd4AaABAg","AHX0QJLbMHQ","2025-10-01 10:49:47","nam mô a di đà phật",0,0
COMMENT,"UgxwTQgqCurwT1K0xtN4AaABAg","AHX0QJLbMHQ","2025-10-01 18:11:49","trời ơi, xin dừng con chịu khổ đủ",0,0
COMMENT,"UgxXN5G9-vkBEk5ir0B4AaABAg","AHX0QJLbMHQ","2025-10-01 18:56:39","nam mô đại từ đại bi cứu khổ cứu nạn quan thế âm bồ tát",0,0
COMMENT,"UgyQakQSxdGUl4kxX1V4AaABAg","AHX0QJLbMHQ","2025-10-01 16:08:04","nam mô a di đà phật",0,0
COMMENT,"Ugwh8ZSr6j-I58cnxgx4AaABAg","AHX0QJLbMHQ","2025-10-01 12:26:56","gấp gấp gấp, gửi vị trí định vị cho nó tới hành tinh mặt trời đi. mặt mo chơi mặt trời mới hợp. đừng loanh quanh ở đông nam á ăn tàn phá hoại hoài",5,0
COMMENT,"Ugy0O8GaLCf9PzPVgiF4AaABAg","AHX0QJLbMHQ","2025-10-01 12:39:40","nam. mo.a.di.da.phat",0,0
COMMENT,"Ugy0GxvYyRYDMlSwFGR4AaABAg","AHX0QJLbMHQ","2025-10-01 11:20:47","bão chi nhiều thế 3 cơn bão",0,0
COMMENT,"Ugy9RmYvx36vF0FY6ZF4AaABAg","AHX0QJLbMHQ","2025-10-01 17:47:12","sao miền bắc toàn siêu bão vậy",0,0
COMMENT,"Ugy1cBH-693s_LLiRqN4AaABAg","AHX0QJLbMHQ","2025-10-01 11:04:51","nam mô a di đà phật",0,0
COMMENT,"UgwPqpPTriGifujuFIN4AaABAg","AHX0QJLbMHQ","2025-10-01 11:43:29","tận thế , chúg ta fải lo tu hàh thoy .",6,0
COMMENT,"UgzMtRr_YSxyES0dVC14AaABAg","AHX0QJLbMHQ","2025-10-01 19:29:03","bão bựa lòi bão mặt mo đúng hết nước chấm",0,0
COMMENT,"Ugwoi5s2jOnzMRxCZ8V4AaABAg","AHX0QJLbMHQ","2025-10-01 11:21:05","philippines quả toan hoa",0,0
COMMENT,"Ugxohz8Ucy3aFKhIg_p4AaABAg","AHX0QJLbMHQ","2025-10-02 09:32:57","có lẽ lời tiên tri thần đồng người ấn độ đây?",0,0
COMMENT,"Ugx_7Gfe7NC_ZXaQDcZ4AaABAg","AHX0QJLbMHQ","2025-10-02 02:06:56","cưa cưa thêm 1 bão ăn 2 cái giờ ăn thêm (tui ở trung tâm bão)",0,0
COMMENT,"UgxmDq9vY_NQbjfYlz94AaABAg","AHX0QJLbMHQ","2025-10-01 11:02:39","hãu di dời con vùng bão nơi khác hết đi. còn vật nuôi di dời nơi khác kêu bán hết đi, nhà trống",0,0
COMMENT,"UgxJMSfTLnAThkAQZP54AaABAg","AHX0QJLbMHQ","2025-10-02 21:15:32","",0,0
COMMENT,"UgxHDkd0VJPcB3kqXTh4AaABAg","AHX0QJLbMHQ","2025-10-03 12:30:41","tới hộ",0,0
COMMENT,"UgxOf2r2znQI4rp5wFB4AaABAg","AHX0QJLbMHQ","2025-10-03 05:41:20","nammoadidaphat",0,0
COMMENT,"Ugxm6_YqI5TXvRX21Sh4AaABAg","AHX0QJLbMHQ","2025-10-01 11:22:02","sợ nha",0,0
COMMENT,"Ugw0YICJBicKShwQkpt4AaABAg","AHX0QJLbMHQ","2025-10-01 18:08:39","van minh lam hu hong tang odon thi no vay thoi.",0,0
COMMENT,"Ugwacyua9TIDsup7hn54AaABAg","AHX0QJLbMHQ","2025-10-01 11:32:10","đau sót miền trung ơi.mọi người nước ơi hãy hướng miền trung",0,0
COMMENT,"UgyM59o5IWxkV6w5QPx4AaABAg","AHX0QJLbMHQ","2025-10-01 11:41:29","ối dồi ơi ,tao bực nha",0,0
COMMENT,"UgzlgC7t9U3qUQALfDt4AaABAg","AHX0QJLbMHQ","2025-10-01 14:07:25","đừng gieo rắc nỗi sợ .nó không được",0,0
COMMENT,"UgxtocW-hTXKRPyz9rt4AaABAg","AHX0QJLbMHQ","2025-10-01 12:10:13","bão diễu hành )))",1,0
COMMENT,"UgyYrnd1IRFtxhKPd6R4AaABAg","AHX0QJLbMHQ","2025-10-01 20:45:56","có cuồng phong không :0",0,0
COMMENT,"UgxcES4xz7gaKJI_keB4AaABAg","AHX0QJLbMHQ","2025-10-01 11:11:04","còn vào hốt hết roi sửa một thể",0,0
COMMENT,"Ugz2h4FbNbVGVZvFyr54AaABAg","AHX0QJLbMHQ","2025-10-01 10:57:50","đả bảo ơi",0,0
COMMENT,"Ugw18wQgiEa-IBP-M-J4AaABAg","AHX0QJLbMHQ","2025-10-01 20:57:01","tan di",0,0
COMMENT,"Ugzr3sciRSrAZBd3VKd4AaABAg","AHX0QJLbMHQ","2025-10-02 22:05:47","bão vào hết trung quốc ah.",0,0
COMMENT,"Ugw6qQSYkkIFh8lg3Qd4AaABAg","AHX0QJLbMHQ","2025-10-02 05:58:12","noi nhieuuuuuuuuu",0,0
COMMENT,"UgwOhyoJX5XDDCcxE_Z4AaABAg","AHX0QJLbMHQ","2025-10-03 05:42:38","baconoiniemquantheambotat",0,0
POST,"uocoXtvcZfw","","2025-10-03 09:09:34","cập nhật mới nhất cơn bão matmo vào biển đông #dubaothoitiet #baoso11 #matmo cập nhật mới nhất cơn bão matmo vào biển đông #dubaothoitiet #baoso11 #matmo.",404,3
COMMENT,"Ugymrl4tVZd3d4B42qZ4AaABAg","uocoXtvcZfw","2025-10-04 16:01:11","may mắn mong mọi người mọi nhà bình an",2,0
POST,"aBazIntUPkw","","2025-10-06 05:10:00","tin khẩn chính thức: bão matmo “thét gào” ở đỉnh cực đại, rõ thời điểm “xới tung” đất liền nước ta trưa 5/10, mai văn khiêm, giám đốc trung tâm dự báo khí tượng thủy văn quốc gia thông tin mới nhất diễn biến tác .",146,0
POST,"3a5qgXv_1gU","","2025-10-02 18:30:09","diễn biến mới nhất bão số 11 matmo: đang cách biển đông 650km, dự báo bắc bộ ảnh hưởng trực tiếp báo lao động bão matmo còn cách biển đông 650km, đang di chuyển nhanh theo hướng tây tây bắc, tốc độ khoảng .",8,0
POST,"PxF8yx0Y_fU","","2025-10-07 10:00:35","hoàn lưu bão matmo gây mưa lớn nhiều giờ khiến khoảng 30 điểm trung tâm hà nội ngập sâu vnexpress vnexpress #baodientu #tintuc #thoisu ------------------ báo vnexpress: website: https://vnexpress.net/ fanpage: .",12,0
POST,"RQ6j7ILXgUs","","2025-10-07 13:08:04","hà nội ngập do hoàn lưu bão #matmo #flooding #",2389,60
COMMENT,"Ugz-4Ly8D8Nm9K6EMC54AaABAg","RQ6j7ILXgUs","2025-10-10 20:53:58","không hà nội tất đồng bào miền trung cao đang ngập lụt",4,0
COMMENT,"UgyolPGl8HjaeIjEgrB4AaABAg","RQ6j7ILXgUs","2025-10-10 20:52:11","mẹ thiên nhiên ơi xin mẹ mưa thuận gió hòa cho dân con đỡ khổ",1,0
COMMENT,"UgwONP9DuM0tSuYmTAd4AaABAg","RQ6j7ILXgUs","2025-10-09 23:03:36","thích lên hà nội cho làm người dân thủ đô cho hãnh diện sướng thế còn thích ở chung cư tôi nói thật cái loại chung cư hà nội có chỗ tôi ở không nếu không cho bán tôi chả thèm nói đụng đất 1 cái bộ tại số trời mưa 1 cái sinh nhật bi bỏ",4,0
COMMENT,"UgzQU6QkWGKNXf1vsUJ4AaABAg","RQ6j7ILXgUs","2025-10-10 09:44:58","việt nam tất công trình xây dựng. ưu tiên cho hà nội. trời ưu tiên cho hà nội một biển nước khỏi hạ long. mua thuyền bơi thích hợp cho hà nội kkk.",4,0
COMMENT,"Ugy5aafXKXm5hr8a5aF4AaABAg","RQ6j7ILXgUs","2025-10-10 11:06:52","việt nam chưa giờ có cơ đồ bảo luột ngày hôm nay",2,0
COMMENT,"UgzJ1W-QYtJB2dD1CbN4AaABAg","RQ6j7ILXgUs","2025-10-07 22:43:05","nhà nươc đang chờ tất mọi ngươif từ già trẻ có hiện kế cho nhà nươc được cách xử lý thoát nươcs cách xây dựng nhà cửa cho khu vực miền trung út bão lũ làm hư hỏng",1,0
COMMENT,"UgzqsTLYMiqxPed0RFd4AaABAg","RQ6j7ILXgUs","2025-10-07 14:21:26","mở hội nghị hiển kế thoát nước trả thưởng xứng đáng",5,0
COMMENT,"UgyGsBln42r43Jzbs694AaABAg","RQ6j7ILXgUs","2025-10-10 23:03:00","thế vạn người ước trúng số mua đất hn 500tr/ m2 đấy",1,0
COMMENT,"UgycBTBRQKjVnWB47iF4AaABAg","RQ6j7ILXgUs","2025-10-09 12:10:03","luôn tự hào người hn ,có thế",2,0
COMMENT,"UgyXUvkxDbYd4Vw_aud4AaABAg","RQ6j7ILXgUs","2025-10-10 11:58:54","cảnh còn nghe cái dọng gà mái đọc buồn thật sự",3,0
COMMENT,"UgzwsmP_TetmN9UFxe14AaABAg","RQ6j7ILXgUs","2025-10-10 20:56:47","miền trung miền núi khổ mất hết cửa nhà hoa màu mất người còn không kêu bởi vì thiên nhiên gây ra",3,0
COMMENT,"UgzHQn9z47yQC7wXvrF4AaABAg","RQ6j7ILXgUs","2025-10-26 11:36:51","vậy nhiều người ước ao được hà nội ở còn chưa được bạn",1,0
COMMENT,"UgzzvNYOjzbrtYHvWBB4AaABAg","RQ6j7ILXgUs","2025-10-08 04:00:50","chống ngập ngàn tỷ , tiền thuế dân vào túi tướng trời , ngập vẩn ngập",1,0
COMMENT,"UgyzMela-HbbUTTUay94AaABAg","RQ6j7ILXgUs","2025-10-08 07:01:19","chung cư nhiều,mương rãnh phủ lấp",1,0
COMMENT,"Ugz2jveGu67xIRDLCcN4AaABAg","RQ6j7ILXgUs","2025-10-13 18:29:58","vậy 1 tỷ 1 mét vuông đấy ơi giá nhà cao tiếp lên đỉnh điểm kìa nay mai hà nội có lên 2 tỷ 1 m đấy cứ thế nội",1,0
COMMENT,"UgzFNeFUXRJT4ZnKMiF4AaABAg","RQ6j7ILXgUs","2025-10-25 21:22:40","miền nam ngập hết nè",1,0
COMMENT,"UgyRFMdSIyj3btEUhd54AaABAg","RQ6j7ILXgUs","2025-10-10 14:39:55","cây hệ thống cống ngầm thật lớn mới giải quyết được vấn đề",1,0
COMMENT,"UgysHt7ftOU050br8394AaABAg","RQ6j7ILXgUs","2025-10-11 01:57:06","ước nước sạch biển tha hồ ngắm biển",0,0
COMMENT,"UgyDqO39Eu-EWicWd1p4AaABAg","RQ6j7ILXgUs","2025-10-14 07:07:32","vê quê ở chả có nước non hết khổ",1,0
COMMENT,"Ugwl2GYER5HNDHEvvjh4AaABAg","RQ6j7ILXgUs","2025-10-11 00:31:34","nước nhu mềm, lợi hại",1,0
COMMENT,"Ugwd-cOnEGSjPZL_ilt4AaABAg","RQ6j7ILXgUs","2025-10-23 06:29:41","ngày",1,0
COMMENT,"UgwBgyvrd0hkZAjFG1J4AaABAg","RQ6j7ILXgUs","2025-10-07 18:30:17","chuẩn buóc sang kỷ nguyên đấy",2,0
COMMENT,"UgxuEDDRHbD8rcI2Dz14AaABAg","RQ6j7ILXgUs","2025-10-24 12:36:04","bạn nói sai nước lũ lụt lên cao vui lắm",1,0
COMMENT,"UgzMyOvI4t9ZlGFprB94AaABAg","RQ6j7ILXgUs","2025-10-10 22:49:42","thời tiết trời làm nói",1,0
COMMENT,"UgzdP6Z3nFcUuVmM_L14AaABAg","RQ6j7ILXgUs","2025-10-13 05:34:31","khổ",1,0
COMMENT,"UgzQdN1DnnoovKPuU054AaABAg","RQ6j7ILXgUs","2025-10-07 15:09:44","kêu miền trung cong mất nhà .mất người kêu .",3,0
COMMENT,"UgxkTJj1ucYzW2MjiAJ4AaABAg","RQ6j7ILXgUs","2025-10-10 15:05:45","tiến sỉ lu ? xuất chiu",2,0
COMMENT,"UgzM3FGLT-nhOXIaS414AaABAg","RQ6j7ILXgUs","2025-10-24 06:47:08","nước ngập bắt cá bông lau",1,0
COMMENT,"UgzUAY8To_KHbGaJkMt4AaABAg","RQ6j7ILXgUs","2025-10-10 10:29:50","vận nước đang lên thật tự hào, tội bọn cali khát nước",1,0
COMMENT,"Ugz0N9UYYzt0NpLAgW94AaABAg","RQ6j7ILXgUs","2025-10-07 20:31:57","lên ba đình lăng bác ngủ nhờ 1 đêm đi. khóc kể cou",1,0
COMMENT,"UgyX1sxtHBrcYA-L7dR4AaABAg","RQ6j7ILXgUs","2025-10-08 23:19:40","khổ",1,0
COMMENT,"UgwD4o34k7oBbkuHNSF4AaABAg","RQ6j7ILXgUs","2025-10-07 22:48:59","thế thích ra ở",1,0
COMMENT,"Ugx3odX4VnRhUtR5C5h4AaABAg","RQ6j7ILXgUs","2025-10-08 06:28:05","sướng lắm khổ cho biết",2,0
COMMENT,"UgzgVGvjQYdE7xEA0YR4AaABAg","RQ6j7ILXgUs","2025-10-08 07:59:02","mẹ thiên nhiên làm sao được",1,0
COMMENT,"UgyueJ4iJmn2KyDEUd54AaABAg","RQ6j7ILXgUs","2025-10-07 16:53:03","không khô không nát thât",1,0
COMMENT,"Ugw4RFPhgfD2XYWJDkF4AaABAg","RQ6j7ILXgUs","2025-10-10 17:31:16","không riêng hà nội kêu công an",3,0
COMMENT,"UgyOmEookSqD9a-Ivct4AaABAg","RQ6j7ILXgUs","2025-10-07 21:32:46","phố nước còn",1,0
COMMENT,"UgwnY5LYD9jf661bWN14AaABAg","RQ6j7ILXgUs","2025-10-11 11:24:38","",1,0
COMMENT,"UgwrvSN16cFzbjzC1ut4AaABAg","RQ6j7ILXgUs","2025-10-10 19:01:04","bon bay ac qua nen ong troi u cho bay được nhieu nuoc.",3,0
COMMENT,"Ugzz4wpqFwp049KSPo14AaABAg","RQ6j7ILXgUs","2025-10-07 15:09:12","kiến trúc sư thành phố hà nội ra xem ngài thiết kế thủ đô văn minh lịch sự nhất công an nước vậy bạn.",1,0
COMMENT,"UgyRS-u_iBtQch8EpwN4AaABAg","RQ6j7ILXgUs","2025-10-07 22:19:26","bí bõm còn có nhà ở còn miền trung miền bắc mất nhà mất không có cái ăn không có chỗ ở người ta không kiêu",2,0
COMMENT,"UgzlxZkJCxDdNJ2T-JR4AaABAg","RQ6j7ILXgUs","2025-10-07 17:00:54","vậy mới thay đổi mới văn minh",1,0
COMMENT,"Ugwl_hvPmIgr81QWfcl4AaABAg","RQ6j7ILXgUs","2025-10-07 18:34:44","co the kêu một khí loan van binh đất thu đô",1,0
COMMENT,"UgwocAfdaojtEa8wGCN4AaABAg","RQ6j7ILXgUs","2025-10-10 09:25:25","ngập ngập toàn tiến sĩ thiết kế ngập thế được",1,0
POST,"nprlPSiXR3Q","","2025-10-05 21:10:21","bão matmo đổ bộ vào trung quốc vtvwdb bão matmo đổ bộ vào trung quốc vtvwdb dự báo thời tiết vtv kênh youtube chính thức phòng thời tiết môi .",602,6
COMMENT,"Ugyo5vr7BeTFglPwz_N4AaABAg","nprlPSiXR3Q","2025-10-06 08:19:57","đông nam á đều có cơn bão cơn . mẹ thiên nhiên phân bổ . cầu mong con người ta biết chừng mực được mẹ thiên nhiên cho chúng sống hòa bình",1,0
COMMENT,"UgxHVDtt8YKVPNyb92x4AaABAg","nprlPSiXR3Q","2025-10-06 06:16:30","nam mô đại từ đại bi cứu khổ cứu nạn quán quán thế âm bồ tát. con nguyện cầu mười phương chư phật gia hộ cho mọi người toàn thế giới được bình an tai qua nạn khỏi. sóng gió tan biến vạn vật muôn loài được sự che chở phật bồ tát. nam mô a di đà phật nam mô a di đà phật nam mô a di đà phật",6,0
COMMENT,"UgzwUoxODrzfuWVm_7V4AaABAg","nprlPSiXR3Q","2025-10-06 08:58:47","hình btv nói nhầm việt nam thành thái lan",0,0
COMMENT,"Ugz3I_a6lq5PISrrWV94AaABAg","nprlPSiXR3Q","2025-10-06 08:21:47","bảo cứ tranh chấp biển đông",0,0
COMMENT,"UgxZGLLi1FqF9KALxWN4AaABAg","nprlPSiXR3Q","2025-10-06 07:42:16","cầu bình an khỏe mạnh cho tất mọi người ở tất mọi nơi toàn thế giới đặc biệt ở nơi có bão qua nơi ảnh hưởng bão nam mô đại từ đại bi quán thế âm bồ tát nam mô đại từ đại bi quán thế âm bồ tát nam mô đại từ đại bi quán thế âm bồ tát",0,0
COMMENT,"UgzIrLKam_CL8GoslC14AaABAg","nprlPSiXR3Q","2025-10-06 06:29:44","bão ảnh hưởng thái lan?",0,0
POST,"QwlO8QeZT9A","","2025-10-03 20:36:24","cảnh tượng tan hoang tận thế philippines bão matmo qua ngày 3/10. #tintuc #baoso11",3190,195
COMMENT,"UgzSuFjNHqF722pDImp4AaABAg","QwlO8QeZT9A","2025-10-04 09:54:46","philippin khổ quá, năm chục cơn bão, cá nhân thấy philippin một tấm lá chắn bão ý, hứng hết bão",25,0
COMMENT,"UgyiGbFaairK8d7A12p4AaABAg","QwlO8QeZT9A","2025-10-04 13:29:44","cầu xin mẹ thiên nhiên nhẹ tay cho chúng sinh đỡ khốn khổ",13,0
COMMENT,"UgzJACq6lfdYLUk5-WV4AaABAg","QwlO8QeZT9A","2025-10-04 10:16:49","nam mô a di đa phật nam mô a di đa phật nam mô a di đa phật con xin bồ tát gia hộ cho con mọi miền thế giới được bình an mạnh khỏe vượt qua mọi khó khăn lũ lụt",18,0
COMMENT,"Ugx8NLO0r0A9M7ROKGB4AaABAg","QwlO8QeZT9A","2025-10-04 12:35:20","lạy phật cho bão tan không vào việt nam",10,0
COMMENT,"UgzxDmDzAw6aVUZG_Lp4AaABAg","QwlO8QeZT9A","2025-10-04 09:38:29","nam mô a di đà phật cầu xin đức phật cho được mưa thuận gió hoà cho tất người dân toàn thế giới được bình an bình yên cuộc sống",5,0
COMMENT,"UgwWltUXUIYI9muZ_v54AaABAg","QwlO8QeZT9A","2025-10-04 09:36:04","cầu chúa ban phước lành cứu rỗi cho chúng sinh đang gặp kiếp nạn thiên tai lũ lụt có nguy cơ giết hại nhân loại. xin chúa cứu rỗi cho chúng sinh được mạnh khỏe bình an. tạ ơn chúa amen .",5,0
COMMENT,"UgyIIg_NxBU7_j0zPTx4AaABAg","QwlO8QeZT9A","2025-10-04 13:47:53","nam mô đại từ đại bi cứu khổ cứu nạn quan thể âm bồ tát cầu cho tất mọi người đều được bình an",5,0
COMMENT,"UgxCv8ltWSv-nrAhQ9Z4AaABAg","QwlO8QeZT9A","2025-10-04 14:54:09","nam mô a di đà phật nam mô a di đà phật nam mô a di đà phật",1,0
COMMENT,"Ugy5X5etyVsHtQIo1N94AaABAg","QwlO8QeZT9A","2025-10-04 20:25:41","luôn nguyện cho thế giới bình an",4,0
COMMENT,"UgwAEFNq2PzmLygsAlN4AaABAg","QwlO8QeZT9A","2025-10-04 16:10:54","con niệm nam mô adi đà phật con mong cho tg việt nam con được an yên",1,0
COMMENT,"UgzmhJTT6CUyznBlzY54AaABAg","QwlO8QeZT9A","2025-10-04 04:44:01","tôi đất nước philippin khổ",6,0
COMMENT,"UgzkNRjGRtqwUSlNGdR4AaABAg","QwlO8QeZT9A","2025-10-04 17:57:15","nam mo a di da phat xin cau nguyen cho moi nguoi deu duoc binh an",1,0
COMMENT,"UgzTfnZEZluro8ngp_t4AaABAg","QwlO8QeZT9A","2025-10-04 07:51:50","thương cho philippin lo cho việt nam quá.",16,0
COMMENT,"Ugxo-XEqdmJkYEDRY-V4AaABAg","QwlO8QeZT9A","2025-10-04 13:10:26","nam mô a di đà phật cầu cho cơn bão yếu dần",2,0
COMMENT,"Ugz_e5VpPkvs19kayfF4AaABAg","QwlO8QeZT9A","2025-10-04 14:47:35","cầu trời khẩn phật hộ trì cho con an ổn",2,0
COMMENT,"UgzOWlUKh8Wk-gc1Led4AaABAg","QwlO8QeZT9A","2025-10-04 13:44:32","nam mô a di đà phật cầu cho mọi người bình an",2,0
COMMENT,"UgwItR8O8En15jDxBe54AaABAg","QwlO8QeZT9A","2025-10-06 14:25:59","con cầu xin cha trời mẹ đất thương xót, cứu nạn, cứu hộ chứng con moi chuyện an yên tốt lành cuộc sống nam mô a dy đà phật",0,0
COMMENT,"Ugx3YwusoNM8_djYJLx4AaABAg","QwlO8QeZT9A","2025-10-04 13:38:37","nam mô a di đà phật nam mô quán thế âm bồ tát cứu khổ cứu nạn cho bão tan ngoài biển đông",2,0
COMMENT,"UgyuwYOaXe1ypNhJCt54AaABAg","QwlO8QeZT9A","2025-10-05 19:46:48","nam mô a di đà phật con cầu trời cho người dân bình an",0,0
COMMENT,"UgzZanfptY3OzelTfTh4AaABAg","QwlO8QeZT9A","2025-10-04 21:45:38","cầu nguyện cho chúng ta sớm vượt qua bão lần này,chứ toi không thể ăn trung thu bão được",0,0
COMMENT,"UgyKJblwt8augu_BhRd4AaABAg","QwlO8QeZT9A","2025-10-04 16:56:22","cầu nguyện hồng ân tam bảo, mười phương chư phật, chư bồ tát độ cho quốc thái, dân an mưa hòa gió thuận . bão lũ suy giảm tan dần ngoài đại dương. mọi người khắp thế giới bình yên vô sự nhà nhà yên vui hạnh phúc. nam mô bổn sư thích công an mâu ni phật nam mô adidaphat nam mô đại từ đại bi cứu khổ cứu nạn linh cảm ứng quán thế âm bồ tát",1,0
COMMENT,"UgyUlom60LEDV5Q_8hd4AaABAg","QwlO8QeZT9A","2025-10-04 14:39:36","philippines xứ sở bão. tui sống 8 năm ở đó. bão khủng khiếp, dân ở tâm vùng bão nghèo lắm, không xây nhà 2 tầng được",1,0
COMMENT,"UgzgHpD5JmVquF9Vu654AaABAg","QwlO8QeZT9A","2025-10-04 20:20:53","con người có hối hận không kịp rồi, rừng phòng hộ con người phá tan hoang, vậy sự tan hoang do bão gây ra có lạ.",1,0
COMMENT,"UgwB34LS0-UlM7SrOm94AaABAg","QwlO8QeZT9A","2025-10-04 13:55:30","sợ mọi người ơi. người vùng lũ sống sợ hãi.",1,0
COMMENT,"UgxHqzpG5nbXnlQwnh54AaABAg","QwlO8QeZT9A","2025-10-04 10:00:07","chắc sơ tán hết con vùng gần sông núi nơi an toàn gấp vì đất giờ no nước hễ gặp mưa có lụt sạt lở. con cập nhật thường xuyên thông tin bảo vệ tính mạng tài sản gia đình nhé. mấy năm nay con khổ rồi.",2,0
COMMENT,"UgyyfARBKlGdst9pY2d4AaABAg","QwlO8QeZT9A","2025-10-04 13:21:30","nam mô a di đà phật",2,0
COMMENT,"UgwvD1dhQ6BKg6KXpYN4AaABAg","QwlO8QeZT9A","2025-10-04 12:41:44","nam mô a di đa phât",2,0
COMMENT,"Ugx6bXX7KT67JMkoLZJ4AaABAg","QwlO8QeZT9A","2025-10-05 05:16:14","cầu xin tất đều bình an. a di đà phật.",0,0
COMMENT,"UgzcPT_sCyoAgNqAxaJ4AaABAg","QwlO8QeZT9A","2025-10-05 01:58:58","amen cau mong moi nguoi dan duoc binh an",0,0
COMMENT,"UgwNjZbT3yJjZLVRWkp4AaABAg","QwlO8QeZT9A","2025-10-05 19:57:54","khổ lắm miền trung nhà tốc mái chưa kịp sửa chữa bão nữa, chán nản",0,0
COMMENT,"UgwnGQkVdGOjFuPj7RR4AaABAg","QwlO8QeZT9A","2025-10-05 17:46:57","philippines khổ lúc hứng đầu tiên",0,0
COMMENT,"UgzjT5DNLwg6XjtPqvh4AaABAg","QwlO8QeZT9A","2025-10-04 14:35:58","mẹ thiên nhiên ơi hãy ngừng cơn giận giữ. mô phật!",1,0
COMMENT,"Ugybporte-8L8aiWdgV4AaABAg","QwlO8QeZT9A","2025-10-04 14:37:02","nam mô a di đà phật con xin cầu trời khấn phật che chở cho bi lip bun bảo qua nhẹ nhàng tai qua nạn khỏi mô phật",0,0
COMMENT,"UgwtU0_iqYR5JKjz9h14AaABAg","QwlO8QeZT9A","2025-10-04 21:56:28","cơn thịnh nộ mẹ thiên nhiên",0,0
COMMENT,"UgzWQ2-eGcrksoeONMt4AaABAg","QwlO8QeZT9A","2025-10-05 09:47:35","thuong qua dong oi",0,0
COMMENT,"UgyDHS36k6SnLFucZ_V4AaABAg","QwlO8QeZT9A","2025-10-04 13:17:37","nam mô a di đà phật .",1,0
COMMENT,"UgyCyUXyYtWljnV1OJN4AaABAg","QwlO8QeZT9A","2025-10-05 15:09:18","con lạy mẹ quán thế âm bồ-tát mẹ thiên nhiên hãy thương dân chúng con khổ mất sạch sành sanh sao mẹ thiên nhiên chưa dừng lũ lụt mẹ quan âm hãy cứu chúng sinh adiđaphat",0,0
COMMENT,"UgwKNLvJ4w9i6yJXETR4AaABAg","QwlO8QeZT9A","2025-10-05 21:39:57","thương người dân pilipin cứ thiên tai liên tục nhiw vậy sống sao nổi",0,0
COMMENT,"Ugz2LbmmcajgbCnSr4R4AaABAg","QwlO8QeZT9A","2025-10-04 10:09:38","cầu mong con tai qua nạn khỏi",0,0
COMMENT,"UgxFahtNxqOrUL6EuJt4AaABAg","QwlO8QeZT9A","2025-10-05 13:21:22","lạy chúa giêsu xin thương xót chúng con amen. lạy chúa giêsu xin tha tội chúng con. xin thương xót nhân loại chúng con",0,0
COMMENT,"UgxPMB3EtPWkxO_6vXZ4AaABAg","QwlO8QeZT9A","2025-10-04 08:26:46","con nam mô a di đà phật con xin mẹ thương con con chúc tất mọi người bình an",0,0
COMMENT,"Ugy-A5cpBRil-syOfUB4AaABAg","QwlO8QeZT9A","2025-10-04 18:45:51","chưa kịp tỉnh thức mở mắt ra ở một thế giới khác. nam mô a đà phật",0,0
COMMENT,"UgzRXv51Hcmv0YYH10B4AaABAg","QwlO8QeZT9A","2025-10-05 06:45:02","nam mô a di đà phật , nguyện cầu cho thế giới 6 thời đều được an lành , con caquf xin nguyện cầu cho chúng sinh ở cõi ta đều được an lành chánh niệm, nguyện cầu cho taqts cơn bão thời mạt pháp được trôi qua nhẹ nhàng kg có thiệt hại người . nam mô a di đà phật",0,0
COMMENT,"UgyJdAw1SQZR9U31TSB4AaABAg","QwlO8QeZT9A","2025-10-05 11:26:06","thật kinh khủng biết làm sao được mọi người bảo lũ vào đất nước khổ con người thời bây giờ vô thường lắm moi người ơi",0,0
COMMENT,"UgySVEwxfuRIINiXm054AaABAg","QwlO8QeZT9A","2025-10-04 15:56:35","nam mô a di đà phật mong miền không sao mưa sạt lở với gió không qua khỏi rồi tui sợ xog lái bão matmo bão số 11",0,0
COMMENT,"UgwvjdIp8QqXkhjOokt4AaABAg","QwlO8QeZT9A","2025-10-04 11:53:08","mong.tâm bảo vào lăng hồ viếng, vào văn phòng bộ chính trị ,",2,0
COMMENT,"UgxXPoDLi4uDTql3PXZ4AaABAg","QwlO8QeZT9A","2025-10-06 06:48:12","con cầu xin đức phật từ bi cứu hộ độ trì cho toàn thể chúng sanh được bình an khỏe mạnh vượt qua mọi khó khăn vất vả cuộc sống nam mô đại từ đại bi quán thế âm bồ tát",0,0
COMMENT,"Ugx-DW6o51kfVeTkgxZ4AaABAg","QwlO8QeZT9A","2025-10-04 20:34:50","nam mô a di đà phật, mong cơn bão sóm tan biến",0,0
COMMENT,"UgyoYXXkUSWL5mjtZkh4AaABAg","QwlO8QeZT9A","2025-10-04 07:31:00","philippin tôi bão mạnh bão gia ri còn thêm bão matmo nx",1,0
COMMENT,"UgwhvBCbQ3sDPHXYdSt4AaABAg","QwlO8QeZT9A","2025-10-05 20:02:15","nam mô a di đà phật. philippines cái rốn bão đầu tiên. sợ",0,0
COMMENT,"Ugz0V3nfXKrDPrgAga14AaABAg","QwlO8QeZT9A","2025-10-04 19:45:06","câu cho mọi người tại nạn khỏi",0,0
COMMENT,"UgxRUSudLlfMBIrjXMh4AaABAg","QwlO8QeZT9A","2025-10-05 11:22:14","nam mô đại bi quán thế âm bồ tát . nam mô đại thế chí bồ tát",0,0
COMMENT,"Ugw9_WYIAjDe5dLMlS54AaABAg","QwlO8QeZT9A","2025-10-06 05:15:13","khổ qua cầu xin đức phật từ bi che chở cho 100 bình an.nam mô a di đà phật",0,0
COMMENT,"Ugykpkhn80sabxPvFd94AaABAg","QwlO8QeZT9A","2025-10-04 15:10:25","phi nhấn chìm biển chắc việt nam thọ không nỗi",2,0
COMMENT,"UgwEwvwxvvNque9NyN54AaABAg","QwlO8QeZT9A","2025-10-05 09:12:09","nam mô a di đà phật. nam mô tầm thinh cứu khổ cứu nạn linh cảm ứng quán thế âm bồ tát.",0,0
COMMENT,"UgyMllYbdHmVaryRYGN4AaABAg","QwlO8QeZT9A","2025-10-06 15:09:05","bảo vào việt nam lúc ngang qua philippin đảo hải nam tq việt nam nhẹ",0,0
COMMENT,"Ugyjq1l9k7RwHFUNhwh4AaABAg","QwlO8QeZT9A","2025-10-04 20:03:01","nam mô a di đa phât nam mô a di đa phât nam mô a di đa phât",0,0
COMMENT,"UgzzUFLBVQteXN1SV2F4AaABAg","QwlO8QeZT9A","2025-10-04 17:51:57","khổ 7 ngày 3 bão sống sao nổi",0,0
COMMENT,"UgyWVvvZsAS6gaeog_F4AaABAg","QwlO8QeZT9A","2025-10-04 15:33:00","xin thường niệm : : : nam mô pháp giới tạng thân a mi đà phật * * * *",0,0
COMMENT,"UgxLoOXPrZKdFta6-Gt4AaABAg","QwlO8QeZT9A","2025-10-04 18:08:06","nhìn nước bạn tan hoang thế còn ra biển tăng cấp quả việt nam khổ",0,0
COMMENT,"UgyneZyajkFEreH21Nt4AaABAg","QwlO8QeZT9A","2025-10-04 21:30:55","nam mô a di đà phật nam mô đại bi quán thế âm bồ tát cứu khổ cứu nạn linh cảm quán thế âm bồ tát",0,0
COMMENT,"UgyBW-ilMmdeGRqKGQV4AaABAg","QwlO8QeZT9A","2025-10-04 09:20:37","mong nước philippines không sao !",1,0
COMMENT,"UgwUglw_JtpMN3b3WF94AaABAg","QwlO8QeZT9A","2025-10-06 04:38:58","nam mô a di đà phât ,mong bão dừng yếu dần đừng vào việt nam",0,0
COMMENT,"UgybMLFny4N984iXqVt4AaABAg","QwlO8QeZT9A","2025-10-05 06:28:47","nam mô đại từ đại bi cứu khổ cứu nạn quán thế âm bồ tát",0,0
COMMENT,"UgwydsmbCBJFE748rx54AaABAg","QwlO8QeZT9A","2025-10-05 11:21:30","con nam mô a di đà phật con nam mô a di đà phật con nam mô a di đà phật con xin ơn tiên phật phụ cho tất thế giời bớt bảo lũ lụt",0,0
COMMENT,"UgyZOBG6GSuCHHBoH9h4AaABAg","QwlO8QeZT9A","2025-10-04 18:14:56","sơ trơi ơi hãy tha thư cho ngươi chung con",0,0
COMMENT,"Ugw5pz4cnle3nJcOL-B4AaABAg","QwlO8QeZT9A","2025-10-04 18:22:29","nam mô a di đà phật nam mô a di đà phật nam mô a di đà phật nam mô a di đà phật",0,0
COMMENT,"UgwnA-QrblcKvROUVPF4AaABAg","QwlO8QeZT9A","2025-10-05 06:09:47","a di đà phật a di đà phật a di đà phật",0,0
COMMENT,"Ugw5N5T46aNTApHUsIl4AaABAg","QwlO8QeZT9A","2025-10-04 14:20:31","nam mô a di đà phật nam mô đại từ đại bi quan thế âm bồ tát",0,0
COMMENT,"UgxxQsrDeW2cZA7EP2R4AaABAg","QwlO8QeZT9A","2025-10-05 16:45:44","nam mô adi đà phật",0,0
COMMENT,"UgxVyTP7HMarIVGIqut4AaABAg","QwlO8QeZT9A","2025-10-04 09:10:52","nam mô a di đà phật. xin nguyện cầu đức quán thế âm bồ tát. quán âm tự tại, ưuan âm nam hải hãy cứu giúp bá giá an lành. nam mô a di đà phật.",0,0
COMMENT,"UgycmzlIzXHcmSq6ttl4AaABAg","QwlO8QeZT9A","2025-10-05 21:04:29","philippines khổ",0,0
COMMENT,"Ugx_jbK1Va4BVyP3zYl4AaABAg","QwlO8QeZT9A","2025-10-05 19:27:32","năm mô a di đà phật",0,0
COMMENT,"UgziEtdqGTa5sZIbMkx4AaABAg","QwlO8QeZT9A","2025-10-04 12:01:24","nam mo a di da phat--",0,0
COMMENT,"UgxEVc_KCmIyPWasUrh4AaABAg","QwlO8QeZT9A","2025-10-04 20:57:53","nam mô đại từ đại bi quan thế âm bồ tát! mong cơn bão giảm tốc quay trở ra biển!",0,0
COMMENT,"UgwltqOy80b4kUEu6bB4AaABAg","QwlO8QeZT9A","2025-10-04 14:33:35","nam mô a di đà phật",0,0
COMMENT,"Ugy3yVMVMzgTJFq1BzR4AaABAg","QwlO8QeZT9A","2025-10-05 11:31:46","nam mô adidaphat",0,0
COMMENT,"Ugytd5aiJzFnLxliLTd4AaABAg","QwlO8QeZT9A","2025-10-05 00:55:13","nam mo a di da phat",0,0
COMMENT,"Ugy6SPa7JYCF2Vj1Zcp4AaABAg","QwlO8QeZT9A","2025-10-05 07:05:54","nam mô đại từ đại bi cứu khổ cứu nạn linh cảm quán thế âm bồ tát",0,0
COMMENT,"UgxlQps_HoXvpq0bvhF4AaABAg","QwlO8QeZT9A","2025-10-04 22:00:53","bão nghe cái tên thấy được hậu quả",0,0
COMMENT,"Ugx1F_9lQU-zrW2UW0B4AaABAg","QwlO8QeZT9A","2025-10-05 07:45:52","việt nam cố lên nam mô a di đà phận",0,0
COMMENT,"UgwjpNoQSgrU2n1mDeN4AaABAg","QwlO8QeZT9A","2025-10-04 13:24:17","nam mô a di đà phật",0,0
COMMENT,"Ugy-nEuAwSDbGB0kNS14AaABAg","QwlO8QeZT9A","2025-10-05 12:30:04","a di đà phật",0,0
COMMENT,"Ugy492dnqsEHOi1Xg-14AaABAg","QwlO8QeZT9A","2025-10-04 04:46:13","vùng thiên tại hãy có áo phao tránh tối thiểu rủi ro nhất",0,0
COMMENT,"Ugwe0q4MktKFnSCSsg54AaABAg","QwlO8QeZT9A","2025-10-05 13:07:51","nam.mo cứu kho cứu nạn quán the am bo tát",0,0
COMMENT,"UgzJLE59VQyCP0X-A4l4AaABAg","QwlO8QeZT9A","2025-10-05 13:51:16","thương mới người oi",0,0
COMMENT,"UgzcRxnicM9SjE2xobp4AaABAg","QwlO8QeZT9A","2025-10-05 05:51:55","lạy trời . chúa thiên nhiên",0,0
COMMENT,"UgwBiek9ke2K_4DB8ml4AaABAg","QwlO8QeZT9A","2025-10-04 22:12:09","nói đúng sự thật không vào tù bóc lịch đấy add",0,0
COMMENT,"UgwJ_3K0RgGH4Y1ykpF4AaABAg","QwlO8QeZT9A","2025-10-04 16:10:25","mong tien vào việt nam yêu di",0,0
COMMENT,"Ugz2RYNUrjOB5EfME5V4AaABAg","QwlO8QeZT9A","2025-10-04 07:21:52","a di đà phật!",0,0
COMMENT,"UgwCo3D2HrDdHbc_YkR4AaABAg","QwlO8QeZT9A","2025-10-06 02:03:23","sự trừng phạt không mua gạo việt nam đó…haha đáng đời",0,0
COMMENT,"UgwK41hkir0Ld6nMMw54AaABAg","QwlO8QeZT9A","2025-10-04 17:41:06","ghê bão thổi thành mặt mo luôn",0,0
COMMENT,"Ugwrg7Pqpe6t8fUYTiJ4AaABAg","QwlO8QeZT9A","2025-10-03 23:41:00","mấy năm trở đây bão kinh hoàng.năm 2025 đúng tiên tri năm ngày tận thế",0,0
COMMENT,"Ugw-1-_AEpoqW_iO4pB4AaABAg","QwlO8QeZT9A","2025-10-05 14:18:15","adida phật",0,0
COMMENT,"UgyAI05FvvVx8eR1GZp4AaABAg","QwlO8QeZT9A","2025-10-03 22:30:56","a di đà phật a di đà phật",0,0
COMMENT,"UgwSlGZx3hg9EJe_MN14AaABAg","QwlO8QeZT9A","2025-10-05 06:33:10","thiên tai ngày càng lớn hồng thủy ngày càng gần mau mau lo giúp dân vượt thiên tai địch họa",0,0
COMMENT,"UgwnTTwFeVdhl4JjWd54AaABAg","QwlO8QeZT9A","2025-10-04 06:45:42","không sao việt nam chúng ta không gio chiêu thua",1,0
COMMENT,"UgwErzV7piSzafn_hLR4AaABAg","QwlO8QeZT9A","2025-10-04 18:09:51","hôm nay 4/10 thấy nói tối 3/10 vào vn?",0,0
COMMENT,"UgzVZEEd5yrb5kMl0Ll4AaABAg","QwlO8QeZT9A","2025-10-05 19:19:25","a di đà phật thương chúng sinh người dân toàn thế giới cảnh giác",0,0
COMMENT,"UgxfekcsClgzpUqc_1h4AaABAg","QwlO8QeZT9A","2025-10-05 16:26:06","thiên thủ thiên nhãn quảng đại linh cảm ứng quán thế âm bồ tát cầu xin mẹ phù hộ bảo suy yếu vào nước nam con cầu cho miền bắc bình an",0,0
POST,"-ijMOuJFWGE","","2025-10-04 07:25:11","bão matmo mạnh lên cấp 11, giật cấp 14, hôm nay (4/10) còn mạnh thêm vtv24 sáng sớm nay (4/10), bão số 11 mạnh thêm, lên cấp 11, giật cấp 14 cách đặc khu hoàng sa khoảng 570 km phía đông .",92,0
POST,"ckhcpfb_lMA","","2025-10-02 18:30:06","bão matmo vào biển đông dự báo thời tiết ngày mai 03/10/2025 vtvwdb bão matmo vào biển đông dự báo thời tiết ngày mai 03/10/2025 vtvwdb dự báo thời tiết vtv kênh youtube chính .",266,6
COMMENT,"Ugy06i0y8cW56li0Tgx4AaABAg","ckhcpfb_lMA","2025-10-02 19:24:46","cảm ơn vtv thời tiết dạ!",1,0
COMMENT,"UgxXgpZ6k5tasAuDrAJ4AaABAg","ckhcpfb_lMA","2025-10-02 20:31:13","cảm ơn vtv",1,0
COMMENT,"UgyMFv_0NuoSwgKd5vJ4AaABAg","ckhcpfb_lMA","2025-10-02 20:19:33","sông hồng thế vtv xin cảm ơn",0,0
COMMENT,"UgzpyfuVVstB2N7sljB4AaABAg","ckhcpfb_lMA","2025-10-03 05:49:59","bão vào hà nội thật luôn á",0,0
COMMENT,"Ugz7GxuZT4Z0tZh1l2F4AaABAg","ckhcpfb_lMA","2025-10-03 09:18:03","lạc đề",0,0
COMMENT,"UgwkLEKJ77-C71eTO1t4AaABAg","ckhcpfb_lMA","2025-10-02 18:37:42","bão mặt-mo! ))",6,0
POST,"caCe3g1J2BM","","2025-10-02 20:12:01","bão matmo tối mai vào biển đông dự báo thời tiết 19h45 - 02/10/2025 vtvwdb bão matmo tối mai vào biển đông dự báo thời tiết 19h45 - 02/10/2025 vtvwdb dự báo thời tiết vtv kênh youtube chính .",183,8
COMMENT,"UgxSf39s-1-nMcibjuB4AaABAg","caCe3g1J2BM","2025-10-03 13:23:40","có hải dương không",0,0
COMMENT,"Ugx1lboAwJ1XzHRJI2h4AaABAg","caCe3g1J2BM","2025-10-02 20:21:24","bão mặt-mo mật-mỡ?! ))",8,0
COMMENT,"UgyO9_4op1Yknm3stZZ4AaABAg","caCe3g1J2BM","2025-10-02 21:42:18","bão búa lôi qua, bão mắt mờ đến. cầu cho bão qua!",0,0
COMMENT,"Ugz7N1rvL_kuX9MEeYt4AaABAg","caCe3g1J2BM","2025-10-02 21:33:33","chống bão roi",2,0
COMMENT,"UgxZ3d6ZpqUGSuxDxjB4AaABAg","caCe3g1J2BM","2025-10-02 20:44:45","con chào mc",1,0
COMMENT,"UgzWLNZOMj-1ytjbu_p4AaABAg","caCe3g1J2BM","2025-10-02 20:16:08","",1,0
POST,"LnIxxxgQuMU","","2025-10-03 20:30:06","2 kịch bản bão số 11 (bão matmo): &quot;bắc bộ ngày tới nguy hiểm&quot; baothanhnien #tintuc #thoisu #tinnong chiều 3.10, bão matmo vào biển đông, trở thành cơn bão số 11 năm nay.",30,0
POST,"jJCoh0mWDyc","","2025-10-06 11:45:09","cận cảnh bão matmo càn quét trung quốc #short #baomatmo #baoso11 báo đại đoàn kết bão matmo làm sập lưới điện, gây ngập lụt, quật ngã cây cối dải phân cách, tác động ngành thủy .",32,0
POST,"28UOVpYq4-o","","2025-10-06 10:36:05","bão matmo đổ bộ vào quảng đông, trung quốc chiều ngày 5/10, bão matmo đổ bộ vào tỉnh quảng đông, miền nam trung quốc. ảnh hưởng bão khiến 151.000 .",0,0
POST,"ReJRYJwgby4","","2025-10-03 13:34:53","thời sự 11h - 3/10/2025 bão matmo sắp vào biển đông thdt kênh youtube chính thức báo phát thanh, truyền hình đồng tháp (thdt - đậm chất miền tây). bấm theo dõi .",64,0
POST,"uP6GXnwM42U","","2025-10-06 10:45:32","thời sự hà nội 9h ngày 06/10/2025: bão matmo suy yếu thành áp thấp nhiệt đới nội dung chính có bản tin thời sự 9h ngày 06/10/2025: 00:00 bão matmo suy yếu thành áp thấp nhiệt đới 02:03 .",14,0
POST,"ijvNSz4u75A","","2025-10-05 15:01:00","cảnh báo khẩn: bão matmo mạnh, tối nay ảnh hưởng tới miền bắc vtc news vtc news bão số 11 matmo – cơn bão đang duy trì cường độ cực mạnh biển đông – bắt đầu ảnh hưởng trực tiếp .",204,2
COMMENT,"Ugzy92UlQyLCA_ljwJZ4AaABAg","ijvNSz4u75A","2025-10-05 16:34:12","khẩn cấp: toàn miền bắc ứng phó 'quái vật thời tiết' - chuẩn kịch bản xấu nhất https://www.youtube.com/watch?v -tnvq1uvw58",2,0
COMMENT,"Ugxvteu49YRQtFtvck54AaABAg","ijvNSz4u75A","2025-10-05 16:33:56","hoàng hường khởi tố: luật sư phân tích thủ đoạn trốn thuế nghìn tỷ gây chấn động https://www.youtube.com/watch?v ktyesqn3fpc",0,0
POST,"JBJugwDuPgk","","2025-10-04 19:57:22","xem nhanh 20h ngày 4/10: bão matmo nhanh bắt 7 nghi phạm cướp tiệm vàng kim hưng ở mỹ thoisuthanhnien #tinnongthanhnien #xemnhanh20h 00:00 tin tức đáng ý 1:06 cập nhật bão số 11 (matmo) 5:42 vụ 3 .",244,0
POST,"PidJmnBw4QE","","2025-10-06 19:13:21","tin cuối bão matmo vtv8 thời sự vtv8 hôm nay tin cuối bão matmo vtv8 – kênh truyền hình quốc gia khu vực miền trung – tây nguyên, trực .",2,1
COMMENT,"UgwaMPvmByo4AEfspNl4AaABAg","PidJmnBw4QE","2025-10-06 19:13:40","đăng ký kênh cập nhật tin tức mới nhất: https://bitly.li/mxfo bitly.li",0,0
POST,"_c8Cn7NviZw","","2025-10-02 22:22:50","hiệu ứng domino chuỗi bão tháng 10! matmo bão số 11 không một mình. #baoso11 #tintuc #matmo",513,18
COMMENT,"UgwQyWe-jSD6J9y3DrF4AaABAg","_c8Cn7NviZw","2025-10-05 06:08:26","con lạy trời cho chúng con bình yên",3,0
COMMENT,"UgyzxYGNEF6N5N_oUS54AaABAg","_c8Cn7NviZw","2025-10-06 05:25:58","trời ơi. mẹ thiên nhiên ơi cầu xịn mẹ tan biến cho 100 bình an.nam mô a di đà phật",0,0
COMMENT,"Ugz54_7e50bbjfIOoLV4AaABAg","_c8Cn7NviZw","2025-10-06 08:05:10","ngon thí",3,0
COMMENT,"Ugy7DOXo3tncA7SkQgp4AaABAg","_c8Cn7NviZw","2025-10-04 06:56:42","mặt mo rủ thêm mặt mốc .ôi toi to !",2,0
COMMENT,"Ugyw7169IRqU_LeAX-d4AaABAg","_c8Cn7NviZw","2025-10-05 18:49:36","cầu mong mẹ thiên nhiên tre chở cho người dân việt nam được bình an",0,0
COMMENT,"UgwRXsRsmGpLDucZp8l4AaABAg","_c8Cn7NviZw","2025-10-04 12:10:45","mặt mo rủ mặt mốc, mặt mộc, mặt mèo nữa? nguy to dzồi. ối dzồi ôi! con người khía với khứa thân mẹ thiên nhiên. bi h mẹ thiên nhiên tổn thương nhìu tự lật thức giấc bỏ chạy khỏi con người con người vướng tai ương 2025 này! thiên tai, động đất. khổ nhân gian ơi!",0,0
COMMENT,"UgzpdWSoZDhjkX_2XeN4AaABAg","_c8Cn7NviZw","2025-10-05 18:40:40","úng mặt mo",1,0
COMMENT,"UgyzPtw13KPHkq-GQV14AaABAg","_c8Cn7NviZw","2025-10-04 05:39:11","bac ho oi mau mau len tran gian giup con chau di.",0,0
COMMENT,"Ugxgd_UPhdsdpQNbtfF4AaABAg","_c8Cn7NviZw","2025-10-04 09:31:35","mong mọi người không sao",0,0
COMMENT,"Ugy3Nz9l58WPBUUC27N4AaABAg","_c8Cn7NviZw","2025-10-06 12:04:36","adiđàphật",0,0
COMMENT,"UgzA-FAmFLzgmzh0ZtV4AaABAg","_c8Cn7NviZw","2025-10-04 01:05:47","giỏi vào được hà nội",0,0
POST,"6WlF489wL74","","2025-10-03 18:06:11","dự báo thời tiết 18h - 03/10/2025 bão matmo vào biển đông vtvwdb dự báo thời tiết 18h - 03/10/2025 bão matmo vào biển đông vtvwdb dự báo thời tiết vtv kênh youtube chính .",524,23
COMMENT,"UgytCFyW1SuW-14Gsxt4AaABAg","6WlF489wL74","2025-10-03 18:45:22","ôi chán mưa lắm thương con quá, đang mùa màng mãi được hạt thóc trời ơi thương trời",12,0
COMMENT,"Ugw2Oo6fTaaSvgjWhZd4AaABAg","6WlF489wL74","2025-10-03 19:13:54","làm cty hôm gọi nhà không liên lạc đk lo lắng cho gđ",6,0
COMMENT,"UgxyLS7Yxy6HnOUkQHt4AaABAg","6WlF489wL74","2025-10-03 21:01:17","cam on xuan ah nhiu xinh qua",0,0
COMMENT,"UgwDJ9Fg_nVHluF9LLJ4AaABAg","6WlF489wL74","2025-10-03 21:00:05","mong viê t nam bi nh an",0,0
COMMENT,"UgyKbrGPJRHtsvYOwmx4AaABAg","6WlF489wL74","2025-10-03 21:07:40","xuan ah xinh qua tyet voi",2,0
COMMENT,"UgwRMEAafswLZQszK3d4AaABAg","6WlF489wL74","2025-10-04 01:32:23","biên tập viên xuân người xinh đẹp",2,0
COMMENT,"UgyyKyNIr-0NUrleodR4AaABAg","6WlF489wL74","2025-10-03 19:19:42","",0,0
COMMENT,"UgzYroyvwcGrZJtlYpR4AaABAg","6WlF489wL74","2025-10-04 06:31:30","cực đại ở biển vào đất liền nhiêu",0,0
COMMENT,"Ugxscqz4kTzb_5lqG6x4AaABAg","6WlF489wL74","2025-10-03 18:54:23","ảnh hưởng chỗ ngân ngày vô so tan hết con nhà nước ra thông báo nghỉ ở nhà cam ra đường",0,0
COMMENT,"UgxBXYpA8IDBHv_OQRJ4AaABAg","6WlF489wL74","2025-10-03 19:12:08","mong nó tan nhanh",0,0
COMMENT,"UgyB9PU-o3bQqbPKPNh4AaABAg","6WlF489wL74","2025-10-03 18:29:46","lol",1,0
COMMENT,"Ugw_rBmp9YhLRL9J6Lx4AaABAg","6WlF489wL74","2025-10-03 18:08:58","bão mặt-mo mật-mỡ nhỉ?! ))",3,0
POST,"Ps0jZ6t_GnI","","2025-10-02 19:58:23","cảnh báo bão matmo mạnh lên thành bão nhiệt đới cảnh báo bão matmo mạnh lên thành bão nhiệt đới. #vtv24 #chuyendong24h chuyển động 24h do vtv digital sản xuất, phát .",17,0
POST,"OzbaSGvhWx4","","2025-09-24 10:45:13","liên hoàn bão biển đông ragasa, bualoi, matmo #ragasa, #bualoi, #matmo, #baoso11 #tintuc, #news",8,1
COMMENT,"UgzZsMNXxZAfQDi4fdR4AaABAg","OzbaSGvhWx4","2025-09-28 12:19:46","yagi",0,0
POST,"cb9emALak8o","","2025-10-02 10:56:14","bão matmo, tối mai vào biển đông #tintuc #shortvideo",77,0
POST,"XeX7MJ1KFO4","","2025-10-06 07:20:18","bão số 11 cơn bão matmo đang tiến việt nam #shots",275,1
COMMENT,"UgzukrLO-uTH7_hX13J4AaABAg","XeX7MJ1KFO4","2025-10-06 15:21:35","mô phật",0,0
POST,"sGzwu5mWUiY","","2025-10-05 23:15:08","cảnh báo đỏ: bão matmo sắp đổ bộ cách quảng ninh 140km, đông bắc đối mặt mưa to, gió lớn vtc news vtc news trung tâm dự báo khí tượng thuỷ văn quốc gia cho biết, bão số 11 matmo vượt qua bán đảo lôi châu (trung .",26,2
COMMENT,"UgwTGk5Yygp4XEhfB-l4AaABAg","sGzwu5mWUiY","2025-10-06 10:05:14","giữa thủ đô ngập ngực 6 ngày, cắt điện 5 ngày, người dân than vãn: ""không dám vệ sinh"" https://www.youtube.com/watch?v 1wec03pgq3u",0,0
POST,"i5etZYv-ecI","","2025-10-03 15:57:32","bão matmo sắp vào biển đông #nongnghiepmientay chào mừng bạn kênh youtube chuyên biệt nông nghiệp, nông thôn dành cho con nông dân miền tây báo .",77,0
POST,"5xvnSKGTxgE","","2025-10-03 12:18:39","tin bão khẩn: bão matmo mạnh lên, chuẩn đổ bộ đất liền - vnamedia vnamedia - đổ bộ đảo luzon, philippines trưa nay sức gió cấp 9, bão matmo vào biển đông dự báo tăng lên cấp .",47,2
COMMENT,"Ugw7szltdtFURu58vFx4AaABAg","5xvnSKGTxgE","2025-10-03 14:22:15","cám ơn kênh nhiều bão",0,0
POST,"xCpnlg-2yh4","","2025-10-02 15:37:32","bão matmo dự báo mạnh cấp 12 trung tâm dự báo khí tượng thủy văn quốc gia cho biết sáng sớm 2/10, áp thấp nhiệt đới vùng biển phía đông philippines .",4,0
POST,"jgpmmpl8agg","","2025-10-03 19:07:37","bão matmo có thể gây mưa lớn tại bắc bộ, thanh hóa địa phương miền bắc bắc trung bộ đang khẩn trương khắc phục hậu quả bão số 10 chiều tối nay bão .",1,0
POST,"57JPGBayGtg","","2025-10-06 09:38:13","bão matmo trung quốc gánh",262,2
COMMENT,"UgyJRIP7XrI8O_xY8mt4AaABAg","57JPGBayGtg","2025-10-06 13:11:45","a di đà phật. bão giảm mừng .mưa giảm đi.cảm ơn trời phật.",0,0
COMMENT,"UgzuZxOQoUqgmZjJm854AaABAg","57JPGBayGtg","2025-10-06 10:34:47","nam mô a di đà phật.",0,0
POST,"FLnghpBN7Oc","","2025-10-03 18:30:36","kịch bản bão matmo đổ bộ vào nước ta bản tin thời tiết quảng ngãi ngày mai nắng nhiều. kịch bản bão matmo đổ bộ vào nước ta bản tin thời tiết quảng ngãi ngày mai nắng nhiều. #thoitiet #bao #ragasa .",13,0
POST,"vMxCBcyb0wo","","2025-10-04 13:56:51","chuyên gia dự báo hướng bão matmo ngày tới #vovgiaothong #fm91 tham gia hội viên vov giao thông bạn nhé: https://www.youtube.com/channel/ucpeju6xnezmwahyxe27vgmg/join kính .",35,0
POST,"ZyKxPLG1Ejs","","2025-10-03 17:18:53","bão matmo có thể vào biển đông hôm nay, liên tục tăng cấp #vovgiaothong #fm91 tham gia hội viên vov giao thông bạn nhé: https://www.youtube.com/channel/ucpeju6xnezmwahyxe27vgmg/join kính .",55,0
POST,"DGM2eG7GYFo","","2025-10-08 14:26:56","cổng chào đồng văn đổ sập do mưa lớn bão matmo baothanhnien #tintuc #thoisu #tinnong mưa lớn kéo dài do hoàn lưu bão matmo (bão số 11) khiến khu vực đầu tuyến đường dẫn .",119,0
POST,"3xNJpS3byc4","","2025-09-30 13:46:26","kịch bản xấu nhất bão matmo (paolo) lao vào bắc bộ dịp trung thu. #paolo, #matmo, #baoso11, #tintuc",3,0
POST,"TmLlONTrCpk","","2025-10-07 10:35:06","tin đồn bão số 12 lan nhanh bão matmo: cơ quan khí tượng nói gì? tin tức nlđ tin đồn bão số 12 lan nhanh bão matmo: cơ quan khí tượng nói gì? đại diện cục khí tượng thuỷ văn làm rõ thông .",21,0
POST,"4x42Zt_czZA","","2025-10-04 09:00:06","thế giới toàn cảnh 4/10: bão matmo đổ bộ philippines, hàng nghìn người dân sơ tán vtv24 thế giới toàn cảnh 4/10: bão matmo đổ bộ philippines, hàng nghìn người dân sơ tán 00:00 tin chính 00:50 bão .",228,0
POST,"JGE3xqOyFWI","","2025-10-04 16:01:13","trung quốc ban bố cảnh báo cam bão matmo tin quốc tế tin tức quốc tế nổi bật bản tin chiều ngày 04/10: - trung quốc ban bố cảnh báo cam bão matmo - israel chuẩn thực hiện .",2,0
POST,"JcCOQl0l7_w","","2025-10-03 21:15:05","bão matmo “tích sức” đổ bộ đất liền, cảnh báo miền bắc “chìm biển nước” vnp vietnam plus theo trung tâm dự báo khí tượng thủy văn quốc gia, thời tiết miền bắc còn nắng mạnh ngày 5/10.",16,0
POST,"1JFzjQTHvrw","","2025-10-06 20:25:32","bão matmo gây gián đoạn kỳ nghỉ lễ tại trung quốc vtvwdb bão matmo gây gián đoạn kỳ nghỉ lễ tại trung quốc vtvwdb dự báo thời tiết vtv kênh youtube chính thức phòng .",166,0
POST,"ftrT_BFJmuQ","","2025-10-02 10:04:37","bão matmo hình thành, hướng vào biển đông sức gió giật cấp 15 hytv #baoso11 #matmo #tintuc hưng yên tv báo phát thanh,truyền hình hưng yên địa chỉ: 164 nguyễn văn linh, tỉnh hưng yên website: .",17,0
POST,"bJ42jCDq10Y","","2025-10-06 09:17:46","trung quốc khắc phục hậu quả bão matmo vtvwdb trung quốc khắc phục hậu quả bão matmo vtvwdb dự báo thời tiết vtv kênh youtube chính thức phòng thời tiết .",524,0
POST,"K-dTiVEMKHo","","2025-10-05 22:25:59","bão matmo đang tiến vào miền bắc - gió giật cấp 10, cực nguy hiểm.",316,9
COMMENT,"Ugyyr8Sh-LGdtXZ2ykl4AaABAg","K-dTiVEMKHo","2025-10-06 05:43:27","nam mô a di đà phật chúng con xin mẹ thiên nhiên hãy cứu giúp đất việt chúng con con cầu mong bão qua cho người việt chúng con được bình an con nam mô a di đà phật",2,0
COMMENT,"UgzQf8VTpkrjrncSuNx4AaABAg","K-dTiVEMKHo","2025-10-05 23:07:39","con câu mong trời che chở cho muôn dân chúng con được bình an vô sự",1,0
COMMENT,"UgyUgxd1JQ__LVaLVWV4AaABAg","K-dTiVEMKHo","2025-10-05 23:23:50","lạy chúa giêsu xinh thương xót quê hương việt nam con toàn thế giới amen",0,0
COMMENT,"Ugz2z1SvkPox99jyFuV4AaABAg","K-dTiVEMKHo","2025-10-05 22:50:52","a di đà phật. nam mô đại từ đại bi cứu khổ cứu nạn linh cảm quán thế âm bồ tát. nguyện bão giảm tan cho muôn nơi bình an.",0,0
COMMENT,"UgyZKqzTHphkH5NzScB4AaABAg","K-dTiVEMKHo","2025-10-06 01:44:10","con xin mười phương chư phật con xin cha con xin mẹ con xin chúa amen cho chúng con được bình yên a di đà phật",0,0
COMMENT,"UgxqHMiNEEHcbTOB2hl4AaABAg","K-dTiVEMKHo","2025-10-06 20:01:56","a di đà phật a di đà phật a di đà phật",0,0
COMMENT,"UgwLQeJharQGz5UpSAZ4AaABAg","K-dTiVEMKHo","2025-10-05 23:18:33","nam mô a di đà phật",0,0
COMMENT,"UgzwqKrI_n9gom6693N4AaABAg","K-dTiVEMKHo","2025-10-05 23:03:20","a di đà phật",0,0
POST,"JaRcTbj992Q","","2025-10-05 20:15:08","kinh hoàng bão matmo đổ bộ trung quốc, gió giật 151 km/h, 650.000 người sơ tán giữa nghỉ lễ vtc news ngày 5/10, bão matmo, cơn bão thứ 21 mùa bão thái bình dương năm nay, đổ bộ vào bờ biển phía đông .",20,2
COMMENT,"UgxinYpoib3gCqczPgl4AaABAg","JaRcTbj992Q","2025-10-05 20:40:02","xôn xao: ngôi mộ gần đất có ‘uẩn khúc’ khiến hữu bất chấp xây trái phép? https://www.youtube.com/watch?v rh1jwe6ghwu",0,0
COMMENT,"UgwMoWazlUJ35acS-Tx4AaABAg","JaRcTbj992Q","2025-10-05 20:40:14","cho gia đình con trai hết đất, không cho con gái: cụ phú thọ hối hận quyết đòi đất cho! https://www.youtube.com/watch?v yqcqopomwla",0,0
POST,"JykeXGeufGU","","2025-10-08 07:00:22","nóng ảnh hưởng bão matmo ngập hết nhà cửa #baobualoi #baoso11 #matmo #lulut",45,0
POST,"RuR3C1n_cQw","","2025-10-02 20:00:31","tin lũ khẩn cấp 19h ngày 2/10: bão matmo nhanh tiến vào biển đông vtvwdb tin lũ khẩn cấp 19h ngày 2/10: bão matmo nhanh tiến vào biển đông vtvwdb dự báo thời tiết vtv kênh youtube .",550,25
COMMENT,"Ugwegqvrdtoj_dWKxcV4AaABAg","RuR3C1n_cQw","2025-10-02 20:59:40","thương lắm việt nam ơi",7,0
COMMENT,"UgyBfap60rMkQaSmxo54AaABAg","RuR3C1n_cQw","2025-10-02 22:20:50","a di đà phật mong chồi đất thương việt nam sưa tan cơn bão gió không đất liền cứ cái đà không khác chiến chanh hoang tàn",2,0
COMMENT,"UgxTFQZGZ4kQ_M2CZm54AaABAg","RuR3C1n_cQw","2025-10-03 11:41:33","thương cho đồng bào miền lủ",0,0
COMMENT,"Ugxd6fYVM3fk4CSTT0t4AaABAg","RuR3C1n_cQw","2025-10-03 04:34:06","ôi một mo hồn đôn hồn bay tại sao đất nước trời cho gặp ?! còn nỗi khổ đắng cay ôi ngày tháng",0,0
COMMENT,"UgxwYTuU4UVwA6QcKld4AaABAg","RuR3C1n_cQw","2025-10-02 22:28:25","hâm mộ khánh trang chất giọng truyền cảm",3,0
COMMENT,"UgzLFwJy3Z3Ta-4y7gF4AaABAg","RuR3C1n_cQw","2025-10-02 20:47:40","bão chồng bão khổ tột",2,0
COMMENT,"UgzH4k9C7mlOWcV36eR4AaABAg","RuR3C1n_cQw","2025-10-02 22:08:49","hết bảo bão số 11 thật sự đáng sợ",1,0
COMMENT,"Ugwc37ylG7NCqyn1qQh4AaABAg","RuR3C1n_cQw","2025-10-02 22:54:03","xót xa cho gđ mất người thân.mất nhà cửa",0,0
COMMENT,"Ugznwnbi39z963jywy54AaABAg","RuR3C1n_cQw","2025-10-02 22:01:31","haizz người dân khổ",1,0
COMMENT,"UgxtdfcDUjh0TgElmCR4AaABAg","RuR3C1n_cQw","2025-10-02 23:11:30","ở cháu lua có mầm nhưng chưa dau miền trung bác",0,0
COMMENT,"UgzWTMOfdRfnZ4fzZ6R4AaABAg","RuR3C1n_cQw","2025-10-02 20:43:31","khủng khiếp chưa có cơn bão mô",2,0
COMMENT,"UgwA9I07-tbIsD5-i0J4AaABAg","RuR3C1n_cQw","2025-10-02 23:16:41","thủ tướng nhân dân",0,0
COMMENT,"UgzZ4vJZ3B8VYFE1D6x4AaABAg","RuR3C1n_cQw","2025-10-03 04:25:13","ôi bat cơm bat cháo đời ?!?!",0,0
COMMENT,"Ugze4KIi0zRY2I-9exx4AaABAg","RuR3C1n_cQw","2025-10-03 05:44:55","bão số 10 chưa khắc phục xong bão 11 xắp tới",0,0
COMMENT,"UgxQLXsvIrxE05chO0B4AaABAg","RuR3C1n_cQw","2025-10-03 04:37:37","đất nhà trời trời nhà phật mất phúc phật !",0,0
COMMENT,"UgxOgCvO4aM74dPRADZ4AaABAg","RuR3C1n_cQw","2025-10-02 23:14:38","báo cáo khoảng vậy bác",0,0
COMMENT,"UgzvCrBsFskmuBTNpZV4AaABAg","RuR3C1n_cQw","2025-10-03 04:31:17","đất có thần trăm dân đau khổ không có công thân lấy được bình yên vi sao ?! vi sao!",0,0
COMMENT,"UgxhySLvtNtn4CzfBUV4AaABAg","RuR3C1n_cQw","2025-10-03 06:08:26","cấp 8",0,0
COMMENT,"UgwBVgrQGwU1va4p4hh4AaABAg","RuR3C1n_cQw","2025-10-02 21:54:19","phát thanh viên nói thật dễ hiểu xinh đẹp",2,0
COMMENT,"UgxG36ltvW7tp0UdaDp4AaABAg","RuR3C1n_cQw","2025-10-02 22:17:07","phòng chống bão kém chủ quan dẫn thiệt hại người nặng nề",2,0
COMMENT,"UgxmOcbhwrRCjjcEdRV4AaABAg","RuR3C1n_cQw","2025-10-03 04:28:37","19? đao làm người viết câu chữ đai bào đang ôi tâm bang gia đình giờ mọi công trình tan hoang",0,0
COMMENT,"UgxmkinLlhkiVjjv2EF4AaABAg","RuR3C1n_cQw","2025-10-03 05:46:32","btv khanh trang an noi luu loat, hien hau, xu ly tinh huong kha nhanh, tat công an 10 diem,",0,0
COMMENT,"Ugz31tcsrfEBbFloa_h4AaABAg","RuR3C1n_cQw","2025-10-02 20:18:00","bão mặt-mo! ))",4,0
POST,"1ugWoWkh5Xc","","2025-10-06 19:15:01","bắc bộ mưa diện rộng bão matmo đổ bộ #shorts #bãolụt #thoitiet #dựbáothờitiết bão số 11 suy yếu thành áp thấp nhiệt đới sáng nay. dự báo, 2 ngày 6-7/10, hoàn lưu cơn bão số 11 gây một đợt .",11,0
POST,"dturBHumhMo","","2025-10-04 04:30:06","dự báo thời tiết sáng 4/10: bão matmo trút “cơn thịnh nộ”, cảnh báo hà nội hứng “mưa trút nước” cơn bão matmo (sắp trở thành bão số 11) dự báo vào miền bắc nước ta. vậy bão có qua hà nội không có thể gây ảnh .",0,0
POST,"IAAIjkVsBbQ","","2025-10-05 12:00:31","cảnh báo độ nguy hiểm bão matmo: thiên tai chồng thiên tai #vietbao #tintuc #ngaplut #bão kênh tin tức thời sự, tin nóng, livestream, phóng sự đặc sắc báo việt báo. #việtbáo #thoisuvietbao #tinnongvietbao .",8,0
POST,"sPqBHPWk_T4","","2025-10-04 16:18:02","bão matmo có thể đạt cấp 13 vào trưa 5/10, vào vịnh bắc bộ khoa khí tượng thủy văn tnn bão matmo có thể đạt cấp 13 vào trưa 5/10, vào vịnh bắc bộ khoa khí tượng thủy văn tnn #biếnđổikhíhậu #thoitiet .",9,0
POST,"1UMNulVTvo4","","2025-10-03 10:06:44","bão matmo giật cấp 13 đang tiến vào biển đông! đăng bởi báo hà nội mới.",3,0
POST,"CVZlRp_QId8","","2025-10-03 19:00:21","miền bắc sắp mưa to diện rộng do bão matmo, quảng ninh chịu ảnh hưởng sớm nhất ttvh ttvh theo trung tâm dự báo khí tượng thủy văn quốc gia, thời tiết miền bắc còn nắng mạnh ngày 5/10. riêng thời tiết hà .",9,0
POST,"53fmAEFXC30","","2025-10-03 14:13:36","bão matmo vào biển đông đêm nay 3.10 #shorts bão matmo vào biển đông đêm nay 3.10 #shorts nhấn subscribe kênh ấn chuông người đầu tiên nhận được .",845,1
COMMENT,"UgwFp_7YlQKLPca3b-x4AaABAg","53fmAEFXC30","2025-10-03 14:19:46","nghe dọng hoài chừ mới thấy mặc ổng",5,0
POST,"8RgYNfvQuAM","","2025-10-07 13:18:52","bão matmo làm ngập đường #duongphovlog79",6,0
POST,"f55PUhi0q_4","","2025-10-03 20:30:33","bão matmo mạnh lên cấp cuồng phong, dự báo kịch bản đổ bộ cần thơ sức gió giật tới 125 km/h, bão matmo lao thẳng vào vịnh bắc bộ nước ta tốc độ nhanh. nhưng điều đáng lo kịch bản .",4,0
POST,"AoDwCPUzgqM","","2025-10-03 12:47:53","tin lũ khẩn cấp 12h ngày 3/10: bão matmo chiều tối nay vào biển đông vtvwdb tin lũ khẩn cấp 12h ngày 3/10: bão matmo chiều tối nay vào biển đông vtvwdb dự báo thời tiết vtv kênh youtube .",503,19
COMMENT,"UgzZHLvwlAFVF3YnGXZ4AaABAg","AoDwCPUzgqM","2025-10-03 13:04:48","dạ con niệm nam mô a di đà phật nguyện cho thời tiết mưa thuận gió hòa",6,0
COMMENT,"Ugz8sWhYwT-DJeIOSWB4AaABAg","AoDwCPUzgqM","2025-10-03 13:20:55","xong mưa lũ dân dua nhau trồng vụ đông,xau 2,3 tháng cung vượt cầu nông dân được mùa mất giá",4,0
COMMENT,"Ugz6Lz1Qo7ExdO6cwA94AaABAg","AoDwCPUzgqM","2025-10-03 16:26:58","bão 11 không biết đây khổ con tôi",2,0
COMMENT,"Ugwo2CYwaTk0UsvE3O94AaABAg","AoDwCPUzgqM","2025-10-03 20:54:02","mog bão nhẹ nhàng chúng con",0,0
COMMENT,"UgxVJDkkgyK5OtPUvul4AaABAg","AoDwCPUzgqM","2025-10-03 18:03:07","căng",0,0
COMMENT,"Ugz7gE8HgS4LYnzHkFZ4AaABAg","AoDwCPUzgqM","2025-10-03 14:41:16","đọc sai rôi bão số 9 số 10 chưa",0,0
COMMENT,"UgxSqnS-ztEV8GnNI7J4AaABAg","AoDwCPUzgqM","2025-10-03 14:00:32","người đang sống đầu đội trời , chân đạp đất không kính trọng , người kính bác hồ đang",5,0
COMMENT,"UgwOA52Z_3HnFB6kXwF4AaABAg","AoDwCPUzgqM","2025-10-03 13:39:24","người lãnh đạo đất nước vô ơn lắm ,",3,0
COMMENT,"UgznpEFGGf4wWnmlM6F4AaABAg","AoDwCPUzgqM","2025-10-03 13:26:55","mai nói người qua ngày 2/9 gặp mai có việc làm , người nói đảng , kế công bác hồ , quan doi , mai có xin người lớn gạo",3,0
COMMENT,"Ugw1fQIM8N-CHV1nNpx4AaABAg","AoDwCPUzgqM","2025-10-03 13:36:25","tu keo không kịp , có số 11 đây thu xem miền bắc có còn không , mai có xin người thứ người kế công",2,0
COMMENT,"UgwjELJk-EcA7qVLD494AaABAg","AoDwCPUzgqM","2025-10-03 20:37:30","phát thanh viên giọng nói thu hút người theo dõi thời sự",0,0
COMMENT,"UgxXqkUGVxa7dVVcPf54AaABAg","AoDwCPUzgqM","2025-10-03 13:50:48","người làm sai sao mai dung ra xin bo ấn xa vì mai được",1,0
COMMENT,"UgyRTv0PRdEpGS1cJot4AaABAg","AoDwCPUzgqM","2025-10-03 14:08:04","mai không nước ngoài vào đây đầu tư dam hết đất nước , bỏ tiền ra có lời mới làm , không làm không có lời bỏ vo đầu tư",1,0
COMMENT,"UgzJUB6OWDuqctKA2VV4AaABAg","AoDwCPUzgqM","2025-10-03 14:02:46","biết rằng bác hồ hi sinh đời vì nước vì dân , mai hỏi người đang sống ở đang đứng , đang ngồi ,",1,0
COMMENT,"UgwVH2219To3UKf6MLl4AaABAg","AoDwCPUzgqM","2025-10-03 14:02:34","rành bọn làm màu",0,0
POST,"F8UcX6cQjyg","","2025-10-02 11:00:30","bão matmo vừa hình thành, dự báo mạnh cấp 12 bão matmo vừa hình thành, dự báo mạnh cấp 12 bão matmo vừa hình thành, dự báo mạnh cấp 12. sáng sớm nay (2/10), áp thấp .",18,0
POST,"juFpaexRAbc","","2025-10-04 13:30:22","miền bắc, miền trung nắng nóng gay gắt bão matmo gây mưa lớn vnp miền bắc hà nội nắng nóng tới 34 c hết ngày 5/10 đón mưa dông diện rộng do bão matmo, nguy cơ .",0,0
POST,"8wDMNkEioNM","","2025-10-09 16:24:11","bài học bão matmo - cần cẩn trọng an toàn hơn! cơn bão qua, nhưng mất mát còn đọng lại. phòng tránh tình huống khẳn cấp việc giữ liên lạc kịp .",1,0
POST,"JiQJLlUWqJk","","2025-10-05 19:34:15","bão matmo đổ bộ trung quốc, gió giật cấp 14, sóng cao 4 m #tintuc #ngocdungradio",5,0
POST,"AEglX3X1hgU","","2025-10-02 20:30:06","thời sự toàn cảnh tối 2/10: bão matmo mạnh lên vào biển đông, trở thành cơn bão số 11 vtv24 tin chính bản tin: 00:00 tin chính 00:29 cụm tin khắc phục thiệt hại bão số 10: - tìm kiếm nạn nhân mất tích .",393,0
POST,"d9qwxUEvKNE","","2025-10-02 19:56:07","bão matmo",72,27
COMMENT,"UgygD31PGtt_0etnNkF4AaABAg","d9qwxUEvKNE","2025-10-04 00:03:23","t ở nghệ an nhìn rớt nc mắt",2,0
COMMENT,"UgxsitfTJSGm5LjMlal4AaABAg","d9qwxUEvKNE","2025-10-03 14:02:04","bão mất mộ",3,0
COMMENT,"UgwUCSlOMhJhssMVJpR4AaABAg","d9qwxUEvKNE","2025-10-04 19:06:52","trung thu vui vẻ",2,0
COMMENT,"UgzzRV8UQVUz1xBrE9B4AaABAg","d9qwxUEvKNE","2025-10-03 20:08:14","chết mẹ tôi rồi:)) tôi ở gần lào",2,0
COMMENT,"UgwhkJwdfnNGLy0L7yd4AaABAg","d9qwxUEvKNE","2025-10-05 21:51:59","yagi: bố sợ bố kéo lò",1,0
COMMENT,"UgzVWjU9CIB2_EBy4MF4AaABAg","d9qwxUEvKNE","2025-10-03 20:05:01","hết cứu",2,0
COMMENT,"Ugzn1La_LSrNcS1dgj14AaABAg","d9qwxUEvKNE","2025-10-03 19:54:41","hiểu luôn rồi:)))))",1,0
COMMENT,"UgxQBHS6AsYGWw6Zb3h4AaABAg","d9qwxUEvKNE","2025-10-03 18:58:33","vào lào cai đủ hiểu rồi",1,0
COMMENT,"UgwOISaJolT-sR7TugR4AaABAg","d9qwxUEvKNE","2025-10-04 16:08:44","xin mời bảo qua trung quốc ở đây không đoán tiếp",1,0
COMMENT,"UgzyxN5-hRwuvSmb0H94AaABAg","d9qwxUEvKNE","2025-10-04 07:13:05","tui ở quảng ninh",1,0
COMMENT,"UgyBWP-0xPeLqV0WalF4AaABAg","d9qwxUEvKNE","2025-10-04 18:19:03","sắp trải nghiệm tại trung tâm bão",0,0
COMMENT,"UgxkPtxlcvfyc9i8gWV4AaABAg","d9qwxUEvKNE","2025-10-03 10:38:25","xong",1,0
COMMENT,"Ugx1CxEc83qOaWSmoIJ4AaABAg","d9qwxUEvKNE","2025-10-03 19:21:01","xong đời lào cai",1,0
COMMENT,"Ugz0N6UDqcE4u0E7m3d4AaABAg","d9qwxUEvKNE","2025-10-03 15:55:47","i am laotian and i am going to",1,0
COMMENT,"UgzgC6De5DkNAEDlRAd4AaABAg","d9qwxUEvKNE","2025-10-03 16:46:07","hải phòng oh no tôi ở",1,0
COMMENT,"UgzVJaXhWtUUI2ujQlR4AaABAg","d9qwxUEvKNE","2025-10-03 04:21:43","ñao",1,0
COMMENT,"Ugzcr5uwzqL4b2lMrU14AaABAg","d9qwxUEvKNE","2025-10-03 22:53:48","ngon thí được nghỉ học rồi )",1,0
COMMENT,"Ugy_8OFAUD2bd4y0ia14AaABAg","d9qwxUEvKNE","2025-10-03 15:43:26","nooooooooooooooooooooooooooooooooooooo",1,0
COMMENT,"UgwtLbS4T_sCVj2tNhx4AaABAg","d9qwxUEvKNE","2025-10-02 23:08:38","giải thích không hiểu",1,0
POST,"qHP0gSRveQs","","2025-10-06 10:08:22","bão số 11 matmo suy yếu thành áp thấp nhiệt đới, dự báo diễn biến mưa to #tintucbao #baoso11 #matmo",146,1
COMMENT,"UgzMd0aPtbGAGL91o2x4AaABAg","qHP0gSRveQs","2025-10-07 03:40:09","minh khong hieu the ma nguoi viet cy di ra duong khong so ton cua vao nguoi sao",0,0
POST,"ko9jch4jcTQ","","2025-10-08 14:17:08","hoàn lưu bão matmo gây ngập lụt &quot;chưa có tiền lệ&quot; ở thái nguyên",1,0
POST,"Nk3Wn7eX3RY","","2025-10-03 19:45:06","khẩn cấp! lời tiên tri ứng nghiệm, bão matmo có thể quét vào việt nam ngày 6 tháng 10 khẩn cấp! lời tiên tri ứng nghiệm, bão matmo có thể quét vào việt nam ngày 6 tháng 10 tiên tri dự ngôn mới nhất .",129,12
COMMENT,"UgxGYmzndbfFWhOmkHp4AaABAg","Nk3Wn7eX3RY","2025-10-03 22:20:50","nam mô bổn sư thích công an mâu ni phật mô phật.",3,0
COMMENT,"UgxfwSNnfriflL23fxV4AaABAg","Nk3Wn7eX3RY","2025-10-04 01:46:41","cầu mong cho thiên tai chiến tranh chấm dứt ở mọi nơi người dân lành được bình an nam mô a di đà phật",1,0
COMMENT,"UgzMbQhnK6CVwsmVrA14AaABAg","Nk3Wn7eX3RY","2025-10-04 15:48:18","nhà nhà miệng nhìu nam mô ace biết bây giờ nam mô a di đà phật",2,0
COMMENT,"Ugxx5YUpE9bQJzvTkbh4AaABAg","Nk3Wn7eX3RY","2025-10-05 05:59:15","nam mô a di đà phật nam mô đại từ đại bi cứu khổ cứu nạn quán thế âm bồ tát",1,0
COMMENT,"UgzL1Q6f8KS1GoXAKAp4AaABAg","Nk3Wn7eX3RY","2025-10-04 10:30:51","nam mô a di đà phật",2,0
COMMENT,"UgxOgFOJdqaBrpFWmhB4AaABAg","Nk3Wn7eX3RY","2025-10-09 00:12:31","nam mô bổn sư thích công an mâu ni phật chúng con tha thiết cầu mong chư thiên chư tiên long thần hộ pháp bát bộ thiên long hộ độ trì cho chúng con qua cơn hoả hoạn thiên tai nam mô adidaphat nam mô adidaphat nam mô adidaphat",0,0
COMMENT,"UgzuqrGTrOr9b8opJNt4AaABAg","Nk3Wn7eX3RY","2025-10-03 20:27:32","nam mô a di đà phật. nam mô a di đà phật. nam mô a di đà phật.",0,0
COMMENT,"UgzAjsXj2FG-gAEQrzl4AaABAg","Nk3Wn7eX3RY","2025-10-04 09:40:36","a di đà phật",3,0
COMMENT,"UgxaOG9Baz0rpwqWaGd4AaABAg","Nk3Wn7eX3RY","2025-10-05 02:00:00","có thể ? .chứ chưa chắc chắn.! tới tới luôn đi.! ( chạy trời không khỏi nắng !).",1,0
COMMENT,"UgxJou1OMk2z7lvXMoh4AaABAg","Nk3Wn7eX3RY","2025-10-03 21:23:18","quan tham nhiều tan ác dân luật trời cảnh tỉnh",0,0
COMMENT,"Ugze2INxE7-8Rp624Hd4AaABAg","Nk3Wn7eX3RY","2025-10-03 21:31:50","có tật giật mình. tham nhũng trời phạt kêu oan gìkkk",0,0
POST,"X3dUvjNmvHg","","2025-10-06 16:03:36","bão matmo đổ bộ miền nam trung quốc, sơ tán 151.000 người #tintuc #tinnong24h #news #tindongtroi",14,0
POST,"9E0jg6TJ5hI","","2025-10-06 18:37:11","bão matmo chính thức suy yếu, nhưng mưa bám riết bắc bộ #tinnhanh5phut #tinnong",27,0
POST,"9Lbm-cZCJrI","","2025-10-05 07:18:22","nâng mức ứng phó khẩn cấp đối bão matmo vtvwdb nâng mức ứng phó khẩn cấp đối bão matmo vtvwdb dự báo thời tiết vtv kênh youtube chính thức phòng thời .",20,0
POST,"TG824b5Yx6s","","2025-10-06 16:12:05","bão matmo vào trung quốc, giảm còn cấp 8 rạng sáng 6/10, bão matmo vào quảng tây (trung quốc), suy yếu còn cấp 8, giật cấp 10, tiếp tục giảm thành áp thấp .",39,0
POST,"s9NiF30PC9Y","","2025-10-06 11:30:29","khẩn: bão matmo đổ bộ trung quốc suy yếu thành atnđ, việt nam hứng mưa lớn theo vnp vietnam plus theo cơ quan khí tượng, sáng ngày 6/10, sâu vào đất liền tỉnh quảng tây (trung quốc), bão số 11 .",1,0
POST,"q5b5S2gBH10","","2025-10-03 09:07:59","bão matmo có thể vào biển đông hôm nay ngày 3/10",26,0
POST,"c4h7Ur1_VmM","","2025-10-07 07:52:19","sân vđ mỹ đình ngày 7/10/2025 bão matmo #baomatmo",125,0
POST,"LgO4wW8WqUU","","2025-10-07 18:11:39","bão matmo gây lũ lụt diện rộng tại thái nguyên #matmo #luluttaithainguyen #dienmayhongbac",1,0
POST,"9QtaNIoQpLE","","2025-10-03 15:00:10","bão matmo giật cấp 14 sắp đổ vào biển đông, trung quốc nâng cấp ứng phó khẩn cấp vnp vietnam plus bão matmo nối gót bualoi, tạo thành hiệu ứng “bão chồng bão” nhấn chìm miền nam trung quốc hiểm nguy.",0,0
POST,"ExcrXFZq1HU","","2025-10-07 16:04:16","hà nội hóa đại hải trình bão matmo hanoi turned into the grand line after storm matmo một ngày không thể tin nổi: hà nội bão matmo trông một đại dương thật sự. tôi lạc vào thế giới one piece – “đại .",19,0
POST,"fpqE7l-Q_ZU","","2025-10-07 11:59:28","mưa bão matmo (bão số 1) ở hà nội việt nam đây cách capybara học #storm #cabybara",26,0
POST,"Sqpk-A8ZtTA","","2025-10-06 09:13:01","trung quốc khắc phục hậu quả bão matmo",15,0
POST,"R0lHLWfII_s","","2025-10-06 09:01:39","bão matmo quét qua trung quốc gây mưa to gió lớn #baoso11 #baomatmo bão matmo quét qua trung quốc gây mưa to gió lớn. nguồn: vnego hãy đăng ký theo dõi imk việt nam nhận nhiều video .",8,0
POST,"1uJr227UF-8","","2025-10-05 10:43:20","hà nội khuyến khích làm việc online ứng phó bão matmo #hanoiplus #hanoi #baomatmo",5,0
POST,"tIAxrRYsHr0","","2025-10-04 19:01:40","cảnh báo: bão matmo hết sức nguy hiểm, “thiên tai chồng thiên tai” #tintuc #tintucdoday #news theo dự báo, bão số 11 tiếp tục mạnh thêm lên cấp 12-13, giật cấp 15-16. ngày 5-7/10, bão ảnh hưởng trực tiếp .",7,0
POST,"NXp7GXquCXM","","2025-10-06 07:00:33","bão matmo tàn phá từ gió",3,0
POST,"gs0Qkykw_hg","","2025-10-06 06:10:43","tin bão mới nhất: bão matmo đổ bộ trung quốc, hàng trăm nghìn người sơ tán tin bão mới nhất: bão matmo đổ bộ trung quốc, hàng trăm nghìn người sơ tán mời quý vị bạn xem thêm: .",31,0
POST,"nkaUEl6EnRA","","2025-10-02 08:20:05","dự báo sớm mới nhất bão matmo có thể bão số 11 #thoitiet #dubaothoitiet #tintuc #cuocsong dự báo sớm mới nhất bão matmo có thể bão số 11 #thoitiet #dubaothoitiet #baoso11.",62,0
POST,"lNshcMpmY5o","","2025-10-06 10:15:06","bão matmo đổ bộ vào trung quốc miền bắc mưa lớn hôm nay #shorts #bãolụt #thoitiet #dựbáothờitiết lực lượng chức năng người dân khu vực ven biển hải đảo quảng ninh đang khẩn trương triển khai biện pháp đảm .",7,0
POST,"Xe1nzCpVncs","","2025-10-07 16:51:40","bão matmo đổ bộ vào trung quốc#tintuc #baoso11 #yeubanthan #shortvideo",1,0
POST,"9PZsJnO3GUw","","2025-10-03 20:50:09","bão matmo cuồng phong _ gió giật cấp 15, miền bắc việt nam đối mặt sóng dữ 6 m snewstv #thờisựtổnghợp bão matmo cuồng phong đang tiến sát miền bắc việt nam sức gió giật cấp 15 sóng biển .",0,0
